mesh_id,rank,gene,pagerank
D018268,1,AKT1,0.0013596190862399636
D018268,2,CTNNB1,0.0012332216306797283
D018268,3,TP53,0.0012166632310501595
D018268,4,MYC,0.0011663692356609244
D018268,5,EGFR,0.0009843036282639512
D018268,6,ERBB2,0.0009747021700607606
D018268,7,TGFB1,0.0009233303935578782
D018268,8,MAPK1,0.0008946875458767576
D018268,9,NFKB1,0.0008828312504736909
D018268,10,ESR1,0.0008826233684551446
D018268,11,AR,0.0008818069259980732
D018268,12,MTOR,0.0008435281749199892
D018268,13,STAT3,0.0008113211333658181
D018268,14,CDH1,0.0007973579372671844
D018268,15,HIF1A,0.0007808172535512388
D018268,16,VEGFA,0.0007685808173832819
D018268,17,CCND1,0.0007619172978833048
D018268,18,TNF,0.0007265132731381987
D018268,19,POMC,0.0007237824145484019
D018268,20,IL6,0.0007013009877070821
D018268,21,CD4,0.0006824570823977333
D018268,22,MMP9,0.0006804817726105824
D018268,23,YAP1,0.0006800168239232749
D018268,24,PTEN,0.0006787695895242561
D018268,25,BCL2,0.0006681797164249614
D018268,26,MAPK3,0.0006679712851681521
D018268,27,EGF,0.0006673263703880123
D018268,28,CD8A,0.0006652624819961794
D018268,29,ALK,0.0006637787196404523
D018268,30,AFP,0.0006591031855618345
D018268,31,VIM,0.0006396467674849542
D018268,32,KRAS,0.0006282990710331881
D018268,33,BRAF,0.0006149369251877094
D018268,34,SNAI1,0.0006105929566404045
D018268,35,MMP2,0.0006052727949572101
D018268,36,EREG,0.0006044878612892069
D018268,37,CD44,0.0006009662062387017
D018268,38,CASP3,0.000595407019684226
D018268,39,SRC,0.0005937621652814271
D018268,40,INS,0.0005707184314326422
D018268,41,GSK3B,0.0005690608419956551
D018268,42,PTK2,0.0005675317831368854
D018268,43,MAPK8,0.0005627590985819044
D018268,44,CDH2,0.0005622309663060926
D018268,45,IFNG,0.0005535331928824144
D018268,46,AGT,0.0005501270802396544
D018268,47,EZH2,0.000545365428756285
D018268,48,MAPK14,0.0005409920305835674
D018268,49,BAX,0.0005364167355022346
D018268,50,CD274,0.000534823278603692
D018268,51,RET,0.0005334091893619323
D018268,52,PRL,0.0005291898826811959
D018268,53,PGR,0.0005270374167578063
D018268,54,IGF1,0.0005263538213282466
D018268,55,MYCN,0.000520609894320683
D018268,56,TWIST1,0.0005179034147814318
D018268,57,HGF,0.0005162453074138807
D018268,58,LEP,0.0005112947815755684
D018268,59,MAP2K7,0.0005081340234932073
D018268,60,JUN,0.0005075584215938686
D018268,61,CYP19A1,0.0005041182552920091
D018268,62,TENM1,0.0005029715050598115
D018268,63,PROM1,0.0005024143301100512
D018268,64,CDKN1A,0.0004985279314956044
D018268,65,CRH,0.0004979656745354673
D018268,66,BRCA1,0.0004940985264112706
D018268,67,ZEB1,0.0004904827240802127
D018268,68,RAC1,0.0004884364690298817
D018268,69,H3P16,0.0004843829019050654
D018268,70,POU5F1,0.0004770872048542615
D018268,71,MET,0.0004746055692711614
D018268,72,EPAS1,0.00047114732197492686
D018268,73,FN1,0.00046978261953752206
D018268,74,ESR2,0.00046963890754821315
D018268,75,PIK3R1,0.0004653045940348658
D018268,76,SLTM,0.00046309100120431605
D018268,77,SOX2,0.0004627050420872276
D018268,78,GH1,0.0004612143311331589
D018268,79,RHOA,0.0004534165908227307
D018268,80,STK11,0.00044530966316812297
D018268,81,RB1,0.0004435451191031615
D018268,82,NR3C1,0.00044289247207158735
D018268,83,NF1,0.00044233029621486313
D018268,84,IL1B,0.0004419294245184886
D018268,85,CREB1,0.00044070997589404034
D018268,86,FOS,0.0004396625232974309
D018268,87,RELA,0.00043786148381286477
D018268,88,SNAI2,0.00043358887755520824
D018268,89,ADM,0.0004313612250132821
D018268,90,PCNA,0.000427439933403289
D018268,91,PTGS2,0.0004217509996001994
D018268,92,NANOG,0.0004216258196503423
D018268,93,MUC1,0.0004174847162557286
D018268,94,EWSR1,0.0004148561375608406
D018268,95,ROS1,0.0004148073437109941
D018268,96,IDH1,0.0004147023207958505
D018268,97,SMAD3,0.000411083281501107
D018268,98,APC,0.00041009643854294137
D018268,99,CDKN2A,0.00040713505967884974
D018268,100,CDK4,0.00040605170801209247
D002295,1,TP53,0.0012822746469244436
D002295,2,AKT1,0.0012768957049440538
D002295,3,CTNNB1,0.0010504638969837951
D002295,4,TGFB1,0.000998928074751774
D002295,5,EGFR,0.0009114187657094401
D002295,6,MYC,0.0008967947107412387
D002295,7,MAPK1,0.0008939585483059489
D002295,8,NFKB1,0.0008374639123416099
D002295,9,ERBB2,0.0008141777523506651
D002295,10,CDH1,0.0007847404100346538
D002295,11,STAT3,0.0007464605762436844
D002295,12,CD8A,0.0007434012657757906
D002295,13,AR,0.0007424611709203526
D002295,14,CD4,0.0007236756321417983
D002295,15,TNF,0.0007222582113064286
D002295,16,VEGFA,0.0007113528892137394
D002295,17,MTOR,0.0007099041254590737
D002295,18,ESR1,0.0007091286106234332
D002295,19,CCND1,0.0006910549746308977
D002295,20,BCL2,0.0006772678761556834
D002295,21,IL6,0.0006646524602639532
D002295,22,HIF1A,0.0006517835230384592
D002295,23,VIM,0.0006493580878347022
D002295,24,MAPK3,0.0006458687765442356
D002295,25,MMP9,0.0006449518647535848
D002295,26,IFNG,0.0006168591650910042
D002295,27,KRAS,0.0006126145572912103
D002295,28,CASP3,0.00061102520839745
D002295,29,SNAI1,0.0006035001704187147
D002295,30,CD274,0.00058668707604117
D002295,31,PTEN,0.0005810761128356591
D002295,32,EGF,0.0005799291014682371
D002295,33,CD44,0.0005750994226788706
D002295,34,MMP2,0.0005730804955327876
D002295,35,MAPK8,0.0005603238502264801
D002295,36,YAP1,0.0005387585126431211
D002295,37,SRC,0.0005352909936487653
D002295,38,CDH2,0.0005332145475219459
D002295,39,MAPK14,0.0005322208413930035
D002295,40,BRCA1,0.0005256347500799663
D002295,41,PTK2,0.0005087782339967483
D002295,42,BAX,0.0005049812138543925
D002295,43,IL1B,0.0005039577344931089
D002295,44,EZH2,0.0004924818088951589
D002295,45,H3P16,0.0004922281469079679
D002295,46,CDKN1A,0.0004919913286854827
D002295,47,EREG,0.0004917465515781384
D002295,48,GSK3B,0.0004914864649985284
D002295,49,FN1,0.0004907374676329999
D002295,50,ALK,0.0004896324923175015
D002295,51,PROM1,0.0004882515477979733
D002295,52,RET,0.00048559394296853327
D002295,53,BRAF,0.0004837817659618105
D002295,54,SOX2,0.000474458976409086
D002295,55,MAP2K7,0.0004719627827325955
D002295,56,RHOA,0.00047139141247719496
D002295,57,TWIST1,0.00046189868065518236
D002295,58,JUN,0.00046166158137032014
D002295,59,ZEB1,0.00046054262440199634
D002295,60,PGR,0.00045829848975217804
D002295,61,RB1,0.000449454774224696
D002295,62,CDKN2A,0.0004425810158160626
D002295,63,NFE2L2,0.00044211705828686097
D002295,64,POU5F1,0.0004417390265314418
D002295,65,RELA,0.0004411071883928085
D002295,66,PIK3R1,0.0004367671446119092
D002295,67,TENM1,0.000435109313255501
D002295,68,CD34,0.0004331020262952705
D002295,69,NOTCH1,0.00043097626107101356
D002295,70,RAC1,0.00042980526673655554
D002295,71,SNAI2,0.00042561773203345543
D002295,72,PDCD1,0.0004223349733754707
D002295,73,SMAD3,0.00042086682257141175
D002295,74,IL2,0.0004186692116132388
D002295,75,CXCL8,0.00041808594930677626
D002295,76,ABL1,0.00041508928825457494
D002295,77,PARP1,0.00041377882011148085
D002295,78,PCNA,0.0004105111252402866
D002295,79,FGF2,0.00041012014849794016
D002295,80,CDK4,0.0004075308582619706
D002295,81,NANOG,0.0004044686015053198
D002295,82,FOXM1,0.00040375497823317115
D002295,83,CDK1,0.00040177886363520137
D002295,84,IGF1,0.0004017382664363609
D002295,85,INS,0.00039984575735505846
D002295,86,DCTN6,0.00039616745434570597
D002295,87,MDM2,0.000394814899253004
D002295,88,HGF,0.0003878634124059484
D002295,89,ITGB1,0.00038771515139661823
D002295,90,CDK2,0.0003870691395478898
D002295,91,CXCR4,0.0003850862296182681
D002295,92,IL10,0.00038499905273270093
D002295,93,IL17A,0.0003838428255831467
D002295,94,MUC1,0.0003804802506274318
D002295,95,KIT,0.00038038090085347416
D002295,96,SMAD2,0.0003796441357058497
D002295,97,CDKN1B,0.0003785343678069159
D002295,98,PTGS2,0.0003771048253450492
D002295,99,MIR21,0.0003743300737568543
D002295,100,E2F1,0.00037396173661595873
D002583,1,TP53,0.0015968131533897114
D002583,2,AKT1,0.0014130924654121644
D002583,3,CTNNB1,0.0011674627115440704
D002583,4,ESR1,0.001121942002655904
D002583,5,EGFR,0.0011100350718804982
D002583,6,ERBB2,0.0010944467946093167
D002583,7,MYC,0.001013407237601149
D002583,8,TGFB1,0.0009494795468430564
D002583,9,NFKB1,0.0009217980446018345
D002583,10,MAPK1,0.0009167296334041843
D002583,11,CDH1,0.0008859716750084616
D002583,12,MTOR,0.0008564076117319499
D002583,13,VEGFA,0.0008368869312917139
D002583,14,CD8A,0.0008306144579359931
D002583,15,HIF1A,0.0008236082437154123
D002583,16,STAT3,0.0008145212872663835
D002583,17,CCND1,0.0007884237746467683
D002583,18,TNF,0.0007434017857072675
D002583,19,BCL2,0.0007380707197784882
D002583,20,PTEN,0.0007354438311001639
D002583,21,MMP9,0.0007144556390736371
D002583,22,KRAS,0.0007125510080752571
D002583,23,PGR,0.0007027431569314116
D002583,24,CD4,0.000701705682185768
D002583,25,VIM,0.0006984883182666517
D002583,26,CD274,0.0006947036883300632
D002583,27,IL6,0.000687022276572325
D002583,28,BRCA1,0.000676997678347415
D002583,29,EREG,0.0006751784474693629
D002583,30,MMP2,0.0006706126410624743
D002583,31,CASP3,0.0006649687878525131
D002583,32,YAP1,0.0006647755803953629
D002583,33,MAPK3,0.0006574236978610591
D002583,34,SNAI1,0.000648477187499019
D002583,35,CD44,0.000632096140648066
D002583,36,EGF,0.000628373345047941
D002583,37,ALK,0.0006273263476437715
D002583,38,BRAF,0.0006131577898476736
D002583,39,IFNG,0.0005992021361259412
D002583,40,AR,0.0005990186831490605
D002583,41,EZH2,0.0005931958100285519
D002583,42,TENM1,0.0005880854347280535
D002583,43,BAX,0.0005853278414336937
D002583,44,MAPK8,0.0005702912663385921
D002583,45,CDH2,0.0005689842236349712
D002583,46,CDKN2A,0.0005668141977327746
D002583,47,RB1,0.0005648036440796119
D002583,48,H3P16,0.0005643166817875971
D002583,49,PTK2,0.0005561081738919057
D002583,50,SOX2,0.0005548931287510367
D002583,51,ZEB1,0.0005462658301135085
D002583,52,MAPK14,0.0005437456971379778
D002583,53,CDKN1A,0.0005421771404987205
D002583,54,TWIST1,0.0005410535456929342
D002583,55,SRC,0.0005354879639040105
D002583,56,GSK3B,0.0005251028213379431
D002583,57,PDCD1,0.0005230605798213486
D002583,58,AFP,0.0005215264296983993
D002583,59,ESR2,0.0005118065952873003
D002583,60,FOXM1,0.0005117688398905138
D002583,61,PARP1,0.0005103199479452544
D002583,62,RELA,0.0005093504893364214
D002583,63,IL1B,0.0005030622697535632
D002583,64,MAP2K7,0.0005005022676364858
D002583,65,POU5F1,0.0005003798765261869
D002583,66,CDK4,0.0004998888680904252
D002583,67,CXCL8,0.0004951221757195232
D002583,68,CDK2,0.00048339097930923174
D002583,69,PCNA,0.00047939797233740645
D002583,70,NFE2L2,0.0004775754673170002
D002583,71,PTGS2,0.0004772999498584998
D002583,72,FN1,0.0004771864787876415
D002583,73,NOTCH1,0.0004742814429696624
D002583,74,JUN,0.0004728148255526976
D002583,75,SNAI2,0.00047259122142288444
D002583,76,DCTN6,0.0004719983822009473
D002583,77,E2F1,0.0004714717322121846
D002583,78,PLK1,0.0004647366347236141
D002583,79,MDM2,0.000463927520681215
D002583,80,PIK3R1,0.00046190547027698584
D002583,81,PROM1,0.0004614722604093017
D002583,82,IDH1,0.000456432694315267
D002583,83,CDK1,0.00045533135048591666
D002583,84,RHOA,0.0004537804791576648
D002583,85,IGF1,0.0004532550672887962
D002583,86,INS,0.00045213678409359524
D002583,87,MIR21,0.0004512110213688583
D002583,88,RET,0.0004475971679253207
D002583,89,CDKN1B,0.0004475614359980696
D002583,90,BRCA2,0.0004428499922540771
D002583,91,EPAS1,0.0004351087954886464
D002583,92,CDK6,0.00043313861326495787
D002583,93,NANOG,0.00043176141739100177
D002583,94,JAK2,0.00042877422367587067
D002583,95,SMAD3,0.00042717417861209153
D002583,96,VHL,0.000426768373077975
D002583,97,CXCR4,0.00042378983979923183
D002583,98,FGF2,0.0004168150101429365
D002583,99,PIK3CA,0.0004123684651251241
D002583,100,RAC1,0.0004106016570047204
D005909,1,TP53,0.0013645016299099425
D005909,2,AKT1,0.0012722926723593392
D005909,3,APP,0.0011716365210271832
D005909,4,CTNNB1,0.0010742145662238501
D005909,5,TGFB1,0.0009811420411124437
D005909,6,MYC,0.0009744413258198055
D005909,7,EGFR,0.0009497119317296753
D005909,8,MAPK1,0.0009427233038493458
D005909,9,NFKB1,0.0008997899154540887
D005909,10,TNF,0.0008903352564863848
D005909,11,VEGFA,0.0008382906889332049
D005909,12,STAT3,0.0008211796894862315
D005909,13,HIF1A,0.000808254905831219
D005909,14,MTOR,0.000806324802327961
D005909,15,IL6,0.0007675580699854343
D005909,16,CD8A,0.0007352670967528661
D005909,17,MAPT,0.0007333155940012151
D005909,18,ERBB2,0.0007109518081950666
D005909,19,CD4,0.0007016411362205932
D005909,20,MMP9,0.000699404632971072
D005909,21,BCL2,0.0006862732839370038
D005909,22,IFNG,0.0006793130449158155
D005909,23,CDH1,0.0006785264039731285
D005909,24,CASP3,0.0006756981889013515
D005909,25,IL1B,0.0006721989087244564
D005909,26,MAPK3,0.0006677136762701055
D005909,27,KRAS,0.000664025221195755
D005909,28,PTEN,0.0006583391710598998
D005909,29,ALK,0.0006494685342053829
D005909,30,VIM,0.0006485803270816487
D005909,31,GFAP,0.0006416980891540037
D005909,32,MAPK8,0.0006391684648637117
D005909,33,SNCA,0.0006264043420864504
D005909,34,CCND1,0.0006254418417358906
D005909,35,YAP1,0.0006184635192171253
D005909,36,IDH1,0.0006154974810254648
D005909,37,GSK3B,0.000614705388357526
D005909,38,EGF,0.0006139562791581783
D005909,39,BRAF,0.0006104540439840218
D005909,40,MMP2,0.0006075365401548679
D005909,41,BDNF,0.0006043277828537211
D005909,42,MAPK14,0.0005805763096125228
D005909,43,SNAI1,0.0005760543870067025
D005909,44,CD274,0.00053222850937669
D005909,45,BAX,0.0005252165650720295
D005909,46,EZH2,0.0005234544162271265
D005909,47,MYCN,0.0005155957916777928
D005909,48,MAP2K7,0.0005155022985065066
D005909,49,CD44,0.0005135404687537463
D005909,50,RAC1,0.0005125239671406896
D005909,51,SHH,0.0005124428843132795
D005909,52,CDH2,0.0005097379889307385
D005909,53,ESR1,0.0005072225500145599
D005909,54,INS,0.0005016384715284483
D005909,55,IGF1,0.0005013186775278311
D005909,56,SOX2,0.0004983056989787539
D005909,57,FGF2,0.0004969474484264667
D005909,58,RET,0.0004927776290307214
D005909,59,JUN,0.0004906302409672706
D005909,60,PTK2,0.0004906111062282625
D005909,61,CREB1,0.0004862934545108119
D005909,62,NOTCH1,0.00048378997429814925
D005909,63,SRC,0.0004832328509424653
D005909,64,CDKN1A,0.00048116372435135776
D005909,65,PROM1,0.0004778081759034548
D005909,66,RELA,0.00047641284311986234
D005909,67,RHOA,0.00047262923928238895
D005909,68,FN1,0.00047165759391245123
D005909,69,NFE2L2,0.0004714662826541877
D005909,70,NGF,0.00047139911458746046
D005909,71,TWIST1,0.00047047769927506517
D005909,72,AFP,0.0004645496464149757
D005909,73,H3P16,0.00045776170598191084
D005909,74,HGF,0.0004566473338764517
D005909,75,ZEB1,0.0004549979444017578
D005909,76,FOS,0.0004530667659130386
D005909,77,PIK3R1,0.00044572400304147776
D005909,78,CCL2,0.0004381577497100694
D005909,79,RB1,0.0004359276820980102
D005909,80,AR,0.00043306283772473963
D005909,81,TENM1,0.0004315160863227407
D005909,82,SMAD3,0.0004269254949045549
D005909,83,NF1,0.00042571374070660183
D005909,84,GLI1,0.00042367853739393966
D005909,85,CDKN2A,0.00042248696802996003
D005909,86,CXCL8,0.00042044094128420483
D005909,87,IL10,0.00041570341173751237
D005909,88,NTRK1,0.0004143684854671096
D005909,89,PARP1,0.00040752795129215505
D005909,90,SNAI2,0.0004067635758351368
D005909,91,CDC42,0.0004041623620392161
D005909,92,GDNF,0.00040105437789171756
D005909,93,PCNA,0.00040010330548223707
D005909,94,ATM,0.00039715024807281135
D005909,95,NTRK2,0.00039557288231617424
D005909,96,PTGS2,0.00039501454259978656
D005909,97,SPP1,0.0003927856058548158
D005909,98,KDR,0.0003899537428647334
D005909,99,E2F1,0.0003887559435900059
D005909,100,SLTM,0.00038538875527595876
D000077195,1,TP53,0.0015760220039281534
D000077195,2,AKT1,0.0012690206502663807
D000077195,3,CTNNB1,0.001049303796515093
D000077195,4,TGFB1,0.0010023222144027355
D000077195,5,EGFR,0.0009886575896549837
D000077195,6,NFKB1,0.0009521287048266322
D000077195,7,TNF,0.0008998279136562287
D000077195,8,MAPK1,0.0008835654041027623
D000077195,9,MYC,0.0008783506739383044
D000077195,10,CDH1,0.0008365448856113738
D000077195,11,ERBB2,0.0008313342166190932
D000077195,12,STAT3,0.0007917238120660952
D000077195,13,MTOR,0.0007683878228856481
D000077195,14,CD8A,0.0007676728998946826
D000077195,15,CD4,0.0007558614714746124
D000077195,16,VEGFA,0.0007197194939987162
D000077195,17,IFNG,0.0007179384965489399
D000077195,18,KRAS,0.0007107024738594411
D000077195,19,IL6,0.0006938130970301177
D000077195,20,CASP3,0.000684865622558373
D000077195,21,HIF1A,0.0006702641807144167
D000077195,22,PTEN,0.0006686312120896221
D000077195,23,BCL2,0.0006677755190712032
D000077195,24,VIM,0.0006653514549846188
D000077195,25,CD274,0.0006624791342477746
D000077195,26,CCND1,0.00065365889075991
D000077195,27,MMP9,0.0006522768142589462
D000077195,28,MAPK3,0.0006369453611334293
D000077195,29,AR,0.0006187967150654372
D000077195,30,ESR1,0.0006122228750570074
D000077195,31,BRAF,0.0006065824757283178
D000077195,32,MAPK8,0.0006064802422785398
D000077195,33,SNAI1,0.0005932484569336807
D000077195,34,EGF,0.0005902689243977094
D000077195,35,CD44,0.000584232150061525
D000077195,36,ALK,0.000583534655186967
D000077195,37,IL1B,0.0005795666201547333
D000077195,38,MMP2,0.0005766246504910383
D000077195,39,APP,0.0005697060850777116
D000077195,40,BRCA1,0.0005558256074915042
D000077195,41,BAX,0.0005524231785286712
D000077195,42,CDKN2A,0.0005465590088731607
D000077195,43,YAP1,0.0005395097494251528
D000077195,44,CDH2,0.0005329210717186437
D000077195,45,MAPK14,0.0005283473751247844
D000077195,46,H3P16,0.0005276039126400924
D000077195,47,GSK3B,0.0005183811398278435
D000077195,48,SRC,0.0005181226403330915
D000077195,49,PTK2,0.0005180203285472893
D000077195,50,SOX2,0.0005131180888672535
D000077195,51,CDKN1A,0.0005072816861910992
D000077195,52,RELA,0.0005036411100757983
D000077195,53,NOTCH1,0.0004978385673810995
D000077195,54,TENM1,0.0004939185695037384
D000077195,55,EREG,0.0004915767080019637
D000077195,56,CXCL8,0.0004858115966231262
D000077195,57,EZH2,0.0004844979508578462
D000077195,58,FN1,0.0004844519053551857
D000077195,59,PROM1,0.0004838368070599635
D000077195,60,JUN,0.00048355366119522445
D000077195,61,MDM2,0.0004824385848778471
D000077195,62,MAP2K7,0.0004805523338129474
D000077195,63,PIK3R1,0.00047286661587196953
D000077195,64,ZEB1,0.00046898356346174657
D000077195,65,PDCD1,0.00046806484926564183
D000077195,66,FGF2,0.0004555846545223873
D000077195,67,IL10,0.00045240729145275017
D000077195,68,RB1,0.0004517244636621873
D000077195,69,TNFSF10,0.0004468227016845803
D000077195,70,E2F1,0.0004435619238148043
D000077195,71,TWIST1,0.0004420229900460284
D000077195,72,NFE2L2,0.0004413965989591733
D000077195,73,IGF1,0.0004407914166967512
D000077195,74,RET,0.00043976875153317645
D000077195,75,IL17A,0.00043809079536333224
D000077195,76,IDH1,0.00043717202117888655
D000077195,77,RAC1,0.0004349385010430604
D000077195,78,INS,0.00043372933350960757
D000077195,79,SNAI2,0.0004318614902592107
D000077195,80,PARP1,0.0004279604725493473
D000077195,81,MYCN,0.0004277834950531145
D000077195,82,RHOA,0.00042741788936373276
D000077195,83,SMAD3,0.0004253488859940244
D000077195,84,POU5F1,0.00042281437938645474
D000077195,85,IFNA1,0.0004212294377168574
D000077195,86,IL2,0.00041772430900034865
D000077195,87,SHH,0.00041070959718472137
D000077195,88,ATM,0.0004071834904014114
D000077195,89,PCNA,0.0003993851078905024
D000077195,90,PGR,0.0003992012512962954
D000077195,91,ITGB1,0.00039802858882222826
D000077195,92,HGF,0.00039660784782888977
D000077195,93,IGF1R,0.000394009215099018
D000077195,94,CDK4,0.00039365559213676147
D000077195,95,IL4,0.00039232503599573765
D000077195,96,NANOG,0.00039231680218572976
D000077195,97,SPP1,0.0003919109311364554
D000077195,98,SMAD4,0.0003905756608148364
D000077195,99,AFP,0.00038876267595574083
D000077195,100,NF1,0.00038818675295602994
D002292,1,TP53,0.0012564733625231976
D002292,2,AKT1,0.0011231500282181505
D002292,3,CTNNB1,0.0009709066590269528
D002292,4,TGFB1,0.0008771584582115928
D002292,5,MAPK1,0.0008282276848994576
D002292,6,EGFR,0.0008074901368587957
D002292,7,MYC,0.0008043796505026047
D002292,8,NFKB1,0.000759051597771835
D002292,9,AR,0.0007329801059658005
D002292,10,TNF,0.0007066814850599484
D002292,11,CDH1,0.0007038487431618719
D002292,12,CD8A,0.0007032951343357294
D002292,13,MTOR,0.0006802789320127962
D002292,14,VEGFA,0.0006788589878796033
D002292,15,STAT3,0.0006780984379370838
D002292,16,ERBB2,0.0006764132633038492
D002292,17,HIF1A,0.0006678570793808665
D002292,18,CD4,0.0006324811665745638
D002292,19,KRAS,0.0006232327094378601
D002292,20,IL6,0.0006213097215055032
D002292,21,MAPK3,0.0006043378942711436
D002292,22,BCL2,0.0005962274710405659
D002292,23,CCND1,0.0005893660328529481
D002292,24,CASP3,0.0005855183642360891
D002292,25,ESR1,0.0005786987540716043
D002292,26,IFNG,0.0005777730252363388
D002292,27,PTEN,0.000562379086505447
D002292,28,VIM,0.0005509682545670567
D002292,29,MMP9,0.0005496266098388171
D002292,30,AGT,0.0005394194005648955
D002292,31,YAP1,0.0005335374278649326
D002292,32,MAPK8,0.0005303930264493647
D002292,33,BRAF,0.000527610838483342
D002292,34,CD44,0.0005200390330631445
D002292,35,SNAI1,0.0005164989587101722
D002292,36,EGF,0.0005155414305440711
D002292,37,BRCA1,0.0005016402526876146
D002292,38,PROM1,0.0005009046805059353
D002292,39,MAPK14,0.0004978536424494985
D002292,40,MMP2,0.0004943534028301961
D002292,41,INS,0.0004937679632206792
D002292,42,CD274,0.0004930670412050351
D002292,43,IL1B,0.00048452357299125985
D002292,44,FN1,0.0004808040377029195
D002292,45,ALK,0.00047960969269039596
D002292,46,EZH2,0.00047923812470929616
D002292,47,SRC,0.0004780292350768959
D002292,48,BAX,0.00047633753945051417
D002292,49,CDH2,0.00047459939825859133
D002292,50,RET,0.0004706659683639708
D002292,51,CDKN1A,0.00045442964881387124
D002292,52,H3P16,0.00045248417496599136
D002292,53,MAP2K7,0.0004420499794770967
D002292,54,PTK2,0.000441358696168078
D002292,55,CDKN2A,0.00043935795179036454
D002292,56,GSK3B,0.00043528481130926996
D002292,57,SOX2,0.0004297900850263676
D002292,58,JUN,0.0004293707366948212
D002292,59,RB1,0.00042368752242519985
D002292,60,HGF,0.00042077165022291844
D002292,61,PIK3R1,0.00042028678050826134
D002292,62,NFE2L2,0.00041712394083632376
D002292,63,ZEB1,0.00041632173926161757
D002292,64,RELA,0.0004073633782308152
D002292,65,EREG,0.0004056262210890133
D002292,66,POU5F1,0.0004044101983808222
D002292,67,VHL,0.00040276862830871264
D002292,68,NOTCH1,0.0004026117675704386
D002292,69,RHOA,0.00040229526741850975
D002292,70,CD34,0.00039638029580717926
D002292,71,IGF1,0.00039494401520826796
D002292,72,FGF2,0.00039276397030320293
D002292,73,PDCD1,0.0003892661252424616
D002292,74,SMAD3,0.0003878604951621298
D002292,75,RAC1,0.0003841896186043154
D002292,76,TWIST1,0.00038089931453685324
D002292,77,PARP1,0.000376895155694035
D002292,78,IL2,0.00037465346315307223
D002292,79,APP,0.0003737065781585073
D002292,80,TENM1,0.0003711142530220669
D002292,81,PPARG,0.00036606018770251816
D002292,82,SNAI2,0.00036529516796330246
D002292,83,CXCL8,0.00036413980582129926
D002292,84,PGR,0.0003629049927325608
D002292,85,PCNA,0.000359598010834663
D002292,86,MDM2,0.00035838278214380076
D002292,87,IL10,0.0003581982263766886
D002292,88,MET,0.00035768524793218797
D002292,89,NANOG,0.0003573076903756395
D002292,90,NF1,0.0003565951588854489
D002292,91,MYCN,0.00035601845914201563
D002292,92,STK11,0.0003558995221227647
D002292,93,KIT,0.00035242807854103794
D002292,94,FOS,0.00035090685251758013
D002292,95,SLTM,0.00034893106640302926
D002292,96,PRRT2,0.0003480496853488753
D002292,97,CCL2,0.00034709308352602814
D002292,98,ABL1,0.00034568687280773255
D002292,99,AFP,0.0003450006665677861
D002292,100,FOXM1,0.0003440214117852168
D006528,1,TP53,0.0013697977535236624
D006528,2,AKT1,0.0012477227576331007
D006528,3,TGFB1,0.0010825450034665392
D006528,4,CTNNB1,0.0010507719225202447
D006528,5,MAPK1,0.0009089570567636959
D006528,6,MYC,0.0008874215144535911
D006528,7,NFKB1,0.0008866717265527352
D006528,8,TNF,0.0008810552467622764
D006528,9,EGFR,0.0008628303646904757
D006528,10,STAT3,0.0008028449205237831
D006528,11,HIF1A,0.0007759560549615997
D006528,12,CDH1,0.0007734975629039968
D006528,13,CD8A,0.0007226712623149155
D006528,14,MTOR,0.0007215185464524347
D006528,15,IL6,0.0007130325735920904
D006528,16,ESR1,0.0007030600650202914
D006528,17,VEGFA,0.0006933537274424898
D006528,18,ERBB2,0.0006858419538699942
D006528,19,CCND1,0.0006617704242223462
D006528,20,CD4,0.0006609987374891666
D006528,21,BCL2,0.0006481631778632087
D006528,22,IFNG,0.0006405047891520361
D006528,23,MAPK3,0.000624924102742077
D006528,24,VIM,0.0006245044503073705
D006528,25,YAP1,0.0006215297082805382
D006528,26,KRAS,0.0006205437421078494
D006528,27,SNAI1,0.0006204075098937706
D006528,28,MMP9,0.0006164073833727593
D006528,29,AFP,0.0006140592439573466
D006528,30,EGF,0.0006089264858370694
D006528,31,CASP3,0.0005994534733669891
D006528,32,NFE2L2,0.0005947812632586451
D006528,33,MAPK8,0.000593617461164689
D006528,34,HGF,0.0005874126230539837
D006528,35,CD44,0.0005748816990284577
D006528,36,MAPK14,0.0005632737931729826
D006528,37,MMP2,0.0005628246398884198
D006528,38,INS,0.0005588579149232902
D006528,39,EZH2,0.0005537774445638767
D006528,40,PTEN,0.0005482723910792014
D006528,41,IL1B,0.0005405361054789458
D006528,42,PROM1,0.0005305553635220283
D006528,43,CD274,0.0005284216581220203
D006528,44,BRAF,0.0005267723718008737
D006528,45,PTK2,0.0005250508314788745
D006528,46,CDKN1A,0.0005240049836848205
D006528,47,HNF4A,0.0005179704274205139
D006528,48,BAX,0.0005113164344791943
D006528,49,CDH2,0.000509216316275109
D006528,50,JUN,0.000490107186907105
D006528,51,GSK3B,0.0004898318957146702
D006528,52,TENM1,0.0004879603173551009
D006528,53,SRC,0.0004869931455352347
D006528,54,FN1,0.0004835385369368467
D006528,55,H3P16,0.0004831784344925244
D006528,56,MAP2K7,0.00047746360926519306
D006528,57,EREG,0.0004740481603607355
D006528,58,PPARG,0.0004698246328242497
D006528,59,AR,0.0004613192480295832
D006528,60,IGF1,0.00045618732553610116
D006528,61,ZEB1,0.0004531282231517952
D006528,62,CDKN2A,0.0004527679696512905
D006528,63,ALK,0.00045018449622839
D006528,64,SOX2,0.00045000445957934463
D006528,65,RHOA,0.0004468732584011118
D006528,66,TWIST1,0.00044462312856735083
D006528,67,PCNA,0.00044328517992619137
D006528,68,PIK3R1,0.00044296045898344023
D006528,69,PPARA,0.0004427465907383954
D006528,70,SMAD3,0.0004411819488432418
D006528,71,IFNA1,0.0004388562628906294
D006528,72,CD34,0.00043768189977717485
D006528,73,RELA,0.00043468107491346787
D006528,74,RB1,0.00043324560522959763
D006528,75,NOTCH1,0.00043227906172382406
D006528,76,IL10,0.00043071570389773624
D006528,77,FOXM1,0.000429860085999594
D006528,78,BRCA1,0.0004269906153980605
D006528,79,CXCL8,0.0004260206185840335
D006528,80,POU5F1,0.0004204767274093951
D006528,81,SNAI2,0.00041400886142126906
D006528,82,MDM2,0.0004131011473853091
D006528,83,PDCD1,0.00041155159401229244
D006528,84,RAC1,0.0004097350282318869
D006528,85,SHH,0.0004084843373666254
D006528,86,AHR,0.00040432772651749
D006528,87,E2F1,0.0004005473937123028
D006528,88,SMAD2,0.00039836925198463436
D006528,89,MET,0.0003973136947272208
D006528,90,TNFSF10,0.00039658755088409334
D006528,91,IL2,0.00039616360359600444
D006528,92,FGF2,0.00039464132667224605
D006528,93,HSP90AA1,0.00039441341665154316
D006528,94,NANOG,0.0003935636133225142
D006528,95,ALB,0.00038942172538056067
D006528,96,PGR,0.0003884534726553727
D006528,97,FOS,0.0003875939131233869
D006528,98,SPP1,0.00038458952142210917
D006528,99,PARP1,0.0003828359321967575
D006528,100,LEP,0.0003828147947188536
D000086002,1,TP53,0.0012789751502563426
D000086002,2,AKT1,0.0012769957763017657
D000086002,3,TGFB1,0.0010336086028209467
D000086002,4,MYC,0.0009816308904172055
D000086002,5,CTNNB1,0.0009815462073391086
D000086002,6,EGFR,0.0008926605621119399
D000086002,7,NFKB1,0.000876225735543711
D000086002,8,MAPK1,0.0008669541664004852
D000086002,9,CD8A,0.0008066798077282196
D000086002,10,CDH1,0.0007961713433348256
D000086002,11,MTOR,0.0007777934192782302
D000086002,12,TNF,0.0007771200435751919
D000086002,13,ERBB2,0.0007668230943417915
D000086002,14,STAT3,0.0007456821686961019
D000086002,15,CD274,0.0007263108114898966
D000086002,16,VEGFA,0.0007153283262218584
D000086002,17,CD4,0.0007128577928329229
D000086002,18,ESR1,0.0007042290322120319
D000086002,19,BCL2,0.00069361544177771
D000086002,20,HIF1A,0.0006898195407671999
D000086002,21,KRAS,0.000689277790578846
D000086002,22,IL6,0.0006825568059880485
D000086002,23,IFNG,0.0006583637620063627
D000086002,24,CCND1,0.0006564759792519738
D000086002,25,VIM,0.0006518343237709789
D000086002,26,MMP9,0.0006513880896827965
D000086002,27,YAP1,0.000649553376156417
D000086002,28,PTEN,0.0006468161299444105
D000086002,29,MAPK3,0.0006284634353919058
D000086002,30,BRAF,0.0006208061184556528
D000086002,31,SNAI1,0.0006199246411474024
D000086002,32,BRCA1,0.0006073519121893092
D000086002,33,AR,0.0006020361275724759
D000086002,34,MMP2,0.0005896550355022468
D000086002,35,ALK,0.0005857235637833421
D000086002,36,CASP3,0.0005758961420636236
D000086002,37,MAPK8,0.0005476134288723763
D000086002,38,BAX,0.000547218247233469
D000086002,39,CD44,0.0005429057699038434
D000086002,40,PTK2,0.0005417966748982121
D000086002,41,EZH2,0.0005404410762135488
D000086002,42,PDCD1,0.0005344547992260416
D000086002,43,MAPK14,0.0005323039341628467
D000086002,44,EGF,0.0005315976679948134
D000086002,45,CDH2,0.0005275510076959043
D000086002,46,GSK3B,0.0005120596558942814
D000086002,47,EREG,0.00050166040000773
D000086002,48,IL1B,0.0004979949470455983
D000086002,49,MAP2K7,0.0004920286349479647
D000086002,50,KMT2A,0.0004907979256151771
D000086002,51,SRC,0.0004897850293185133
D000086002,52,TWIST1,0.0004889062467705661
D000086002,53,FN1,0.00048686778990759635
D000086002,54,ZEB1,0.00047982183875091606
D000086002,55,H3P16,0.0004789848766701956
D000086002,56,CDKN1A,0.00047153164313616853
D000086002,57,SNCA,0.0004715155617540404
D000086002,58,APP,0.0004698196604168881
D000086002,59,MYCN,0.0004678792150625658
D000086002,60,PROM1,0.0004654546830542172
D000086002,61,RET,0.0004616087795993053
D000086002,62,CDKN2A,0.0004599816656148057
D000086002,63,JUN,0.00045715808714759994
D000086002,64,NFE2L2,0.00045355104218399713
D000086002,65,FOXM1,0.00045332759157077387
D000086002,66,SOX2,0.00045289163997305765
D000086002,67,SMAD3,0.0004483055432811446
D000086002,68,SHH,0.0004478384487115185
D000086002,69,RB1,0.00044573003302462674
D000086002,70,RELA,0.0004456148071835935
D000086002,71,SNAI2,0.0004426350599810134
D000086002,72,NOTCH1,0.00043764066968173643
D000086002,73,IL10,0.0004347269496486496
D000086002,74,CD34,0.00043199220213433956
D000086002,75,RHOA,0.00043074209000130807
D000086002,76,PIK3R1,0.00042903375436264673
D000086002,77,RAC1,0.000428543914788792
D000086002,78,MDM2,0.0004278421927122064
D000086002,79,IGF1,0.00042244133911372816
D000086002,80,POU5F1,0.0004221956985015595
D000086002,81,ATM,0.0004164615247191653
D000086002,82,KIT,0.00041589342937020294
D000086002,83,ABL1,0.00041535674857521047
D000086002,84,CXCL8,0.00041450709696666456
D000086002,85,PGR,0.0004126955285960837
D000086002,86,PARP1,0.0004103662456417394
D000086002,87,E2F1,0.0004070544098813006
D000086002,88,IL2,0.0004053574599492157
D000086002,89,HGF,0.000405192247606372
D000086002,90,TENM1,0.0004031808476530362
D000086002,91,SMAD4,0.0004024916490277878
D000086002,92,INS,0.00040119186553768115
D000086002,93,IDH1,0.00039966530477971677
D000086002,94,WT1,0.00039821353799937304
D000086002,95,CCL2,0.00039312446263376996
D000086002,96,RUNX1,0.00039121265282166987
D000086002,97,MIR21,0.0003905792553791932
D000086002,98,SPP1,0.0003883134194552439
D000086002,99,SMAD2,0.00038823845422212395
D000086002,100,MUC1,0.00038521734312889957
D018284,1,TP53,0.001288601462125757
D018284,2,AKT1,0.0012570549706447198
D018284,3,CTNNB1,0.0011218034164302462
D018284,4,EGFR,0.0009528533688237195
D018284,5,TGFB1,0.0009433192808467199
D018284,6,CDH1,0.00088180074138036
D018284,7,ERBB2,0.0008720069922090005
D018284,8,MAPK1,0.0008708080694713606
D018284,9,MYC,0.0008707067180463086
D018284,10,NFKB1,0.0008656340937981381
D018284,11,AR,0.0008400253201472755
D018284,12,ESR1,0.0007832602430644589
D018284,13,VEGFA,0.0007509156409774938
D018284,14,STAT3,0.0007486297046025025
D018284,15,MTOR,0.0007217863994573574
D018284,16,BCL2,0.0007122914693196812
D018284,17,CCND1,0.0006971032093363319
D018284,18,TNF,0.0006943169248528298
D018284,19,MAPK3,0.0006779100190741816
D018284,20,HIF1A,0.0006723407739211561
D018284,21,MMP9,0.0006660098850965598
D018284,22,CD8A,0.0006591003152369261
D018284,23,IL6,0.0006555783839901855
D018284,24,PTEN,0.0006542269643336536
D018284,25,VIM,0.0006531110857503425
D018284,26,CASP3,0.0006363420585161064
D018284,27,YAP1,0.0006261379602947073
D018284,28,KRAS,0.0006148043446818665
D018284,29,BRCA1,0.0006135083661368277
D018284,30,CD4,0.0006134582316427971
D018284,31,MMP2,0.0006067047861147464
D018284,32,SNAI1,0.0006047544513230303
D018284,33,CD44,0.0005885728657665383
D018284,34,EGF,0.0005827346142665725
D018284,35,PROM1,0.0005773111220636685
D018284,36,INS,0.0005745604280454458
D018284,37,CDH2,0.0005686725405066321
D018284,38,IFNG,0.0005624012420920307
D018284,39,PTK2,0.0005539809542823045
D018284,40,IL1B,0.0005521427165933497
D018284,41,POU5F1,0.000536902199327542
D018284,42,MAPK14,0.00053591578838828
D018284,43,ALK,0.000535417848465273
D018284,44,SOX2,0.0005269473784811617
D018284,45,BAX,0.0005240828931583812
D018284,46,GSK3B,0.0005224520311315226
D018284,47,EREG,0.0005186180799247856
D018284,48,SRC,0.0005177051997632837
D018284,49,BRAF,0.0005168020905812652
D018284,50,MAPK8,0.0005141549142556475
D018284,51,PGR,0.0005117919431448414
D018284,52,SHH,0.0005111069077709236
D018284,53,EZH2,0.0005083887826002833
D018284,54,RET,0.0005002840077917225
D018284,55,CD274,0.00048606925671660186
D018284,56,MAP2K7,0.00048485872122018504
D018284,57,H3P16,0.0004839179713642753
D018284,58,MDM2,0.00048126585448243786
D018284,59,TWIST1,0.0004735272958216642
D018284,60,JUN,0.0004704530181813039
D018284,61,FN1,0.0004611335949070088
D018284,62,LEP,0.0004605769686216823
D018284,63,PRL,0.00045435778287845755
D018284,64,ZEB1,0.00045431222547685177
D018284,65,CDKN1A,0.00045212894546206854
D018284,66,AFP,0.0004504291039751756
D018284,67,NOTCH1,0.0004464780514362853
D018284,68,CDKN2A,0.0004458147403719883
D018284,69,RB1,0.00044545096415242035
D018284,70,IGF1,0.00044452438241807145
D018284,71,CXCL8,0.00044266396948074437
D018284,72,MUC1,0.0004425073455171529
D018284,73,PARP1,0.0004401998709790739
D018284,74,RHOA,0.0004401639935911707
D018284,75,TENM1,0.00042768473964261095
D018284,76,SNAI2,0.00042710227098457495
D018284,77,PPARG,0.00042594927961129507
D018284,78,HGF,0.0004258290150563769
D018284,79,PTGS2,0.00042517018744292744
D018284,80,NANOG,0.0004181220110474317
D018284,81,PIK3R1,0.0004178161815693814
D018284,82,PCNA,0.0004177329965016407
D018284,83,RELA,0.0004173632461238492
D018284,84,FOXM1,0.00041207492256761953
D018284,85,SMAD3,0.0004120387480665339
D018284,86,MYCN,0.00040914891749020053
D018284,87,NFE2L2,0.0004002582869024816
D018284,88,SMAD2,0.00039257803576214903
D018284,89,FGF2,0.0003923838177883412
D018284,90,ITGB1,0.00039098919201888935
D018284,91,RAC1,0.00039041644827795445
D018284,92,ESR2,0.0003889768365977698
D018284,93,DCTN6,0.0003870837330644669
D018284,94,CREB1,0.0003834863004847222
D018284,95,POMC,0.0003827415186181385
D018284,96,SPP1,0.0003824010282495076
D018284,97,GLI1,0.00038155596002381023
D018284,98,PDCD1,0.000378816490808408
D018284,99,CXCR4,0.0003764297555808543
D018284,100,CYP19A1,0.0003753612222537427
D021441,1,TP53,0.001465726598441654
D021441,2,AKT1,0.0013802575003401618
D021441,3,CTNNB1,0.001208435078871409
D021441,4,EGFR,0.0010192839398172199
D021441,5,TGFB1,0.0009960929249615872
D021441,6,ERBB2,0.0009877464051732117
D021441,7,NFKB1,0.0009792636766629758
D021441,8,MYC,0.0009534806834496668
D021441,9,MAPK1,0.0009428609470888614
D021441,10,AR,0.0008964190243776189
D021441,11,CD8A,0.0008607987192740654
D021441,12,ESR1,0.0008598548716988582
D021441,13,CDH1,0.0008576932880997696
D021441,14,STAT3,0.0008305947138382804
D021441,15,KRAS,0.000820170958851667
D021441,16,MTOR,0.0008143654231276469
D021441,17,PTEN,0.0007802496124591425
D021441,18,TNF,0.0007783631364119501
D021441,19,CD4,0.000774790480518371
D021441,20,VEGFA,0.000728791478789156
D021441,21,HIF1A,0.0007243275591919405
D021441,22,CCND1,0.0007219548557858623
D021441,23,IL6,0.0007033792049433487
D021441,24,MMP9,0.0006963220291537034
D021441,25,YAP1,0.0006927970371601922
D021441,26,BCL2,0.0006705619761387117
D021441,27,INS,0.0006702541665714396
D021441,28,VIM,0.0006671533108668906
D021441,29,MAPK3,0.0006650496870445041
D021441,30,EGF,0.0006620504558452235
D021441,31,SNAI1,0.0006590441396704029
D021441,32,CD274,0.0006571481720180852
D021441,33,CD44,0.0006471115159886028
D021441,34,CASP3,0.0006399986468003452
D021441,35,IFNG,0.0006357796501391318
D021441,36,PGR,0.000621656732423274
D021441,37,MMP2,0.0006122862718212722
D021441,38,PROM1,0.0006122447991182708
D021441,39,BRAF,0.0006030648280725751
D021441,40,MAPK8,0.0006016233734421475
D021441,41,BRCA1,0.0005915304407679823
D021441,42,EREG,0.0005885436269481993
D021441,43,CDH2,0.0005829260936787736
D021441,44,MAPK14,0.0005642724428462118
D021441,45,GSK3B,0.0005585548626766406
D021441,46,APP,0.000552289325776616
D021441,47,SRC,0.0005423206169436037
D021441,48,MAP2K7,0.0005402057074757554
D021441,49,PTK2,0.0005366035389584927
D021441,50,TENM1,0.0005354463331599554
D021441,51,BAX,0.0005318606192977444
D021441,52,EZH2,0.0005318411285611754
D021441,53,AFP,0.0005279654684470771
D021441,54,CDKN1A,0.0005204492980029207
D021441,55,ZEB1,0.0005196102280150307
D021441,56,ALK,0.0005177939177798997
D021441,57,H3P16,0.0005122204909039348
D021441,58,CDKN2A,0.0005100251654955514
D021441,59,IL1B,0.0005079560234020172
D021441,60,SOX2,0.0005076408511341807
D021441,61,JUN,0.0005039136966052508
D021441,62,RB1,0.0005028960939918975
D021441,63,RELA,0.0004886562158829242
D021441,64,PDCD1,0.000488574297862074
D021441,65,RET,0.0004882808360700063
D021441,66,RHOA,0.00048664223359863823
D021441,67,FN1,0.0004852903323947779
D021441,68,NFE2L2,0.00048403205482810757
D021441,69,RAC1,0.00047744475490717187
D021441,70,TWIST1,0.0004768382570783492
D021441,71,PIK3R1,0.00047496883429558524
D021441,72,NOTCH1,0.0004715057852484816
D021441,73,CXCL8,0.0004700897013730538
D021441,74,PARP1,0.00046580422015902903
D021441,75,POU5F1,0.0004541040283905425
D021441,76,SNAI2,0.00045337821119565596
D021441,77,IGF1,0.0004517642229801051
D021441,78,SMAD3,0.00044995470625934096
D021441,79,FOXM1,0.0004477063763834808
D021441,80,PPARG,0.00044697618678494024
D021441,81,CXCR4,0.0004373981439638682
D021441,82,HGF,0.0004370974455284955
D021441,83,PRRT2,0.00043704922282354034
D021441,84,MUC1,0.00043672494265065576
D021441,85,KLK3,0.0004335346360846922
D021441,86,PCNA,0.00043310191753170266
D021441,87,SHH,0.00042871580344655986
D021441,88,APC,0.0004274768759877607
D021441,89,PTGS2,0.0004263020952372579
D021441,90,NANOG,0.0004252803421372207
D021441,91,ITGB1,0.0004229858621252721
D021441,92,GLI1,0.00042172188057589644
D021441,93,SMAD4,0.00042059836888884764
D021441,94,MDM2,0.00041516132675306736
D021441,95,SPP1,0.00040628664595902244
D021441,96,CDC42,0.0004060093122997189
D021441,97,SIRT1,0.0004034807489720152
D021441,98,BRCA2,0.0004026515614168112
D021441,99,DCTN6,0.0004002272469042314
D021441,100,IL10,0.00039836821251678793
D010673,1,AKT1,0.001219852237931226
D010673,2,CTNNB1,0.001142949783173907
D010673,3,TP53,0.0010996289635313039
D010673,4,TGFB1,0.0009229637403277073
D010673,5,EGFR,0.0009222891929869226
D010673,6,NFKB1,0.0009005660913733539
D010673,7,MAPK1,0.000868277600768795
D010673,8,MYC,0.0008484164418778333
D010673,9,MTOR,0.0007956741791134065
D010673,10,HIF1A,0.0007889954011075017
D010673,11,VEGFA,0.0007739982285542975
D010673,12,ERBB2,0.0007491246546253679
D010673,13,AR,0.0007448640367468998
D010673,14,PTEN,0.0007139061746991155
D010673,15,CD8A,0.0007090212502732999
D010673,16,TNF,0.0006988714969861876
D010673,17,STAT3,0.000690927646815662
D010673,18,BRAF,0.000689370178229882
D010673,19,MAPK3,0.0006525505205581242
D010673,20,CDH1,0.0006402897890134747
D010673,21,BCL2,0.0006370066006356362
D010673,22,MMP9,0.0006340768729670088
D010673,23,INS,0.0006327541244741691
D010673,24,IL6,0.0006280274097123324
D010673,25,POMC,0.000624121585244771
D010673,26,KRAS,0.0006154646187012902
D010673,27,RET,0.0006119767238007985
D010673,28,YAP1,0.0006026751983599875
D010673,29,CCND1,0.000602078435988424
D010673,30,ESR1,0.0005919737420222489
D010673,31,CD4,0.0005712569008254328
D010673,32,ALK,0.0005698091638091048
D010673,33,VIM,0.0005696218389857358
D010673,34,MMP2,0.0005632727570865678
D010673,35,MYCN,0.0005482158019550355
D010673,36,GSK3B,0.0005472057269343888
D010673,37,NGF,0.0005469466119175678
D010673,38,IFNG,0.000544546509179091
D010673,39,MAPK8,0.0005329261311439459
D010673,40,SNAI1,0.0005325805328865103
D010673,41,AGT,0.0005323758204479748
D010673,42,MAPK14,0.0005230942186625417
D010673,43,SRC,0.000522795905541508
D010673,44,EGF,0.0005202254802789148
D010673,45,PRL,0.0005196340021444345
D010673,46,CASP3,0.0005143509991738673
D010673,47,EZH2,0.0005043630570316696
D010673,48,SNCA,0.0005016564212862851
D010673,49,IL1B,0.0004949093131294303
D010673,50,NFE2L2,0.000494475145029367
D010673,51,LEP,0.0004940690728782374
D010673,52,RHOA,0.0004918631384648704
D010673,53,MAP2K7,0.0004873550765673913
D010673,54,CD274,0.00048245654670980663
D010673,55,CD44,0.0004807916084458112
D010673,56,RB1,0.00047589778093688214
D010673,57,NPY,0.00047546201759427
D010673,58,TWIST1,0.0004750373164381556
D010673,59,APP,0.00046886637362235497
D010673,60,CDH2,0.0004663574911694474
D010673,61,PIK3R1,0.0004649233880458347
D010673,62,BAX,0.0004611411093087541
D010673,63,NF1,0.00046081508593498547
D010673,64,PTK2,0.00046042078653053565
D010673,65,CREB1,0.0004590480284994921
D010673,66,SST,0.00044955712862825904
D010673,67,FOS,0.00044938113266405156
D010673,68,SPP1,0.00044895276329786894
D010673,69,JUN,0.00044768387011275213
D010673,70,PROM1,0.00044570549802294603
D010673,71,EDN1,0.000442705360266628
D010673,72,VHL,0.000442326100141778
D010673,73,TH,0.0004404092731924191
D010673,74,RAC1,0.0004392303783251093
D010673,75,GNRH1,0.00043918462090155734
D010673,76,RELA,0.00043797102984227974
D010673,77,H3P16,0.0004360605063306395
D010673,78,ZEB1,0.00043558491764493094
D010673,79,TENM1,0.0004330248362932645
D010673,80,EREG,0.0004279800126515449
D010673,81,IGF1,0.00042464223329981206
D010673,82,CDKN1A,0.0004220276532939029
D010673,83,EWSR1,0.00042147578172632504
D010673,84,AVP,0.000420711996087264
D010673,85,AFP,0.00042006875382472335
D010673,86,CHGA,0.0004173785962362725
D010673,87,CDKN2A,0.0004140176945052205
D010673,88,SOX2,0.00041290524221181574
D010673,89,SNAI2,0.0004113838691754981
D010673,90,PGR,0.0004091663952181686
D010673,91,CRH,0.00040723068186816476
D010673,92,JAK2,0.00040684309280529686
D010673,93,PRRT2,0.0004052998033319209
D010673,94,ERG,0.00040225717425023614
D010673,95,FN1,0.0003996657313475181
D010673,96,PTH,0.0003989293640130936
D010673,97,SHH,0.0003987278585524018
D010673,98,KLK3,0.000397943680698394
D010673,99,EPAS1,0.00039728745591869637
D010673,100,RAF1,0.000397119285489737
D008545,1,TP53,0.001306402776141025
D008545,2,AKT1,0.0012617102454105262
D008545,3,CTNNB1,0.0010905978858346459
D008545,4,TGFB1,0.0009998379043962067
D008545,5,MYC,0.0009763175916584043
D008545,6,MAPK1,0.0009079951835127806
D008545,7,NFKB1,0.0008626092027344932
D008545,8,EGFR,0.0008381185210195977
D008545,9,CD4,0.000837164704831646
D008545,10,CD8A,0.0008367856003523036
D008545,11,VEGFA,0.0008343118467453914
D008545,12,TNF,0.0008017613901462841
D008545,13,MTOR,0.0007588695196687981
D008545,14,IFNG,0.0007574749575921018
D008545,15,STAT3,0.0007506802945525399
D008545,16,BRAF,0.0007303324169937105
D008545,17,HIF1A,0.0007235970641096591
D008545,18,IL6,0.0007098001581949527
D008545,19,MMP9,0.0006775060629756092
D008545,20,CDH1,0.0006761300467287653
D008545,21,ERBB2,0.0006656230383832434
D008545,22,CCND1,0.0006567124262328261
D008545,23,MAPK3,0.0006374502406304358
D008545,24,CD274,0.000624175954240997
D008545,25,BCL2,0.0006150643539588655
D008545,26,VIM,0.0006023455120356188
D008545,27,KRAS,0.0005976366236333047
D008545,28,MMP2,0.000594354745336081
D008545,29,ALK,0.0005677015691974726
D008545,30,MAPK8,0.0005675651611714466
D008545,31,IL1B,0.0005636055535788262
D008545,32,CASP3,0.0005606320637470628
D008545,33,EGF,0.0005599135611023536
D008545,34,SNAI1,0.0005514685734005966
D008545,35,MAPK14,0.0005498480754798142
D008545,36,CD44,0.0005480986353242124
D008545,37,PTEN,0.0005439511748577444
D008545,38,MAP2K7,0.0005235307266971274
D008545,39,YAP1,0.0005222623640088641
D008545,40,ESR1,0.0005209106922011773
D008545,41,IL17A,0.0005000858301979389
D008545,42,CDH2,0.0004970314047746141
D008545,43,FN1,0.0004957169490275806
D008545,44,PTK2,0.0004945909476834262
D008545,45,GSK3B,0.000489825641766976
D008545,46,EZH2,0.0004852506681237993
D008545,47,IL10,0.0004806681777000301
D008545,48,APP,0.0004783543701441996
D008545,49,NFE2L2,0.0004774869337040921
D008545,50,INS,0.00047573672617441724
D008545,51,H3P16,0.0004719262451241806
D008545,52,BAX,0.00047177444897493844
D008545,53,SRC,0.0004711177391000488
D008545,54,JUN,0.0004692201071725779
D008545,55,SNCA,0.0004646425767124972
D008545,56,SHH,0.00046338626040904474
D008545,57,PDCD1,0.00045999154359817736
D008545,58,RAC1,0.00045984825495066237
D008545,59,IL2,0.00045620446914786177
D008545,60,MYCN,0.0004551315080099054
D008545,61,MITF,0.0004545220196037389
D008545,62,IFNA1,0.00045098789520522654
D008545,63,IGF1,0.0004498452844158688
D008545,64,SOX2,0.00044884344996035536
D008545,65,TWIST1,0.00044413038299180834
D008545,66,HGF,0.00044227741699981503
D008545,67,RELA,0.0004421359703091685
D008545,68,CDKN2A,0.00044142650070474326
D008545,69,FOXM1,0.000439636836405069
D008545,70,CXCL8,0.00043844030762961797
D008545,71,RHOA,0.00043726175532846653
D008545,72,FGF2,0.0004354114972826273
D008545,73,NOTCH1,0.0004325404854756498
D008545,74,ZEB1,0.0004318424177744401
D008545,75,CDKN1A,0.0004314784642574057
D008545,76,RET,0.00043100669304286404
D008545,77,PIK3R1,0.0004283456515083301
D008545,78,AFP,0.00042658580252805784
D008545,79,PROM1,0.0004202272911642982
D008545,80,SNAI2,0.0004147419762958135
D008545,81,MAPT,0.00041293061136701516
D008545,82,CD34,0.00041180638735540217
D008545,83,RB1,0.0004089939409937617
D008545,84,EREG,0.0004074637898649147
D008545,85,IL4,0.00040650228209035877
D008545,86,SPP1,0.00040484820086110815
D008545,87,KIT,0.00040421242946779687
D008545,88,MDM2,0.000398947160659385
D008545,89,POU5F1,0.0003928918665723877
D008545,90,CCL2,0.0003922648403106825
D008545,91,CREB1,0.00038926927797363313
D008545,92,TYR,0.0003879525008595337
D008545,93,SMAD3,0.0003876098022550073
D008545,94,AR,0.0003836718317045341
D008545,95,BRCA1,0.0003824816029419334
D008545,96,MET,0.00038213925805424093
D008545,97,SLTM,0.0003814690747140407
D008545,98,NF1,0.0003810869888719676
D008545,99,ZHX2,0.000378656567942645
D008545,100,KDR,0.0003779321211735051
D013274,1,TP53,0.0015999037286471053
D013274,2,AKT1,0.0015257351792372458
D013274,3,CTNNB1,0.00123739504776052
D013274,4,MYC,0.0011430629076185823
D013274,5,EGFR,0.0010334175885069804
D013274,6,NFKB1,0.00101091169461413
D013274,7,ERBB2,0.0010055822891414591
D013274,8,MAPK1,0.0009933900597696394
D013274,9,TGFB1,0.0009874236181075646
D013274,10,STAT3,0.000909898853144135
D013274,11,KRAS,0.0008951749448704058
D013274,12,CDH1,0.0008860383786797551
D013274,13,MTOR,0.0008612408762363946
D013274,14,TNF,0.0008082594998014283
D013274,15,CD8A,0.0008077003698865082
D013274,16,CCND1,0.0007894876715445486
D013274,17,ESR1,0.0007596094294722397
D013274,18,BCL2,0.0007589150725903473
D013274,19,CD4,0.0007484257192431736
D013274,20,IL6,0.0007435806540500396
D013274,21,YAP1,0.0007323970902639014
D013274,22,HIF1A,0.0007271883767606194
D013274,23,VEGFA,0.0007255703210054726
D013274,24,PTEN,0.0007221825915728629
D013274,25,SNAI1,0.0007166602543347229
D013274,26,CASP3,0.0007044077238767101
D013274,27,MAPK3,0.000701576900988606
D013274,28,MMP9,0.000695075406258643
D013274,29,VIM,0.0006892046331133353
D013274,30,CD274,0.0006852500623713159
D013274,31,IFNG,0.0006719350571354146
D013274,32,MMP2,0.0006499920363540552
D013274,33,MAPK8,0.0006478714838607113
D013274,34,EGF,0.0006435970024746532
D013274,35,BRAF,0.0006372545693518108
D013274,36,CD44,0.0006271653358235035
D013274,37,TENM1,0.0006239307056259766
D013274,38,CDH2,0.0006069229440544686
D013274,39,EREG,0.000605089503186621
D013274,40,H3P16,0.000599877784715909
D013274,41,GSK3B,0.0005992345056435248
D013274,42,BRCA1,0.0005984874129486084
D013274,43,ALK,0.0005966051434388668
D013274,44,MAPK14,0.0005964000618411038
D013274,45,BAX,0.0005926712316717896
D013274,46,EZH2,0.0005815448128437734
D013274,47,NFE2L2,0.0005769393845092557
D013274,48,AR,0.0005735245115353463
D013274,49,CDKN1A,0.0005659354177515752
D013274,50,PTK2,0.0005570142446167769
D013274,51,SRC,0.0005412864562002378
D013274,52,MAP2K7,0.0005389753710472754
D013274,53,AFP,0.0005329721040747657
D013274,54,CDKN2A,0.0005328615985385755
D013274,55,SHH,0.0005315703578829247
D013274,56,RELA,0.0005309443851297135
D013274,57,IL1B,0.0005273972951730472
D013274,58,PGR,0.0005268585456695788
D013274,59,PROM1,0.0005223448260097257
D013274,60,RB1,0.0005212554102039642
D013274,61,SOX2,0.0005186743626750634
D013274,62,TWIST1,0.0005179916178616667
D013274,63,GLI1,0.0005156292385056298
D013274,64,NOTCH1,0.0005149125688426317
D013274,65,JUN,0.0005100267413124702
D013274,66,CXCL8,0.0005047831694763871
D013274,67,PDCD1,0.0005033987852153585
D013274,68,RET,0.0005021106679289678
D013274,69,ZEB1,0.0004974104404206097
D013274,70,FOXM1,0.0004947720443662848
D013274,71,APC,0.0004918951671994702
D013274,72,SNAI2,0.000487395852902587
D013274,73,MDM2,0.00048587616332962093
D013274,74,E2F1,0.00048362247439433166
D013274,75,RHOA,0.0004832200338052311
D013274,76,POU5F1,0.00047977240368882217
D013274,77,MUC1,0.00047794519851937354
D013274,78,PCNA,0.0004762399049198606
D013274,79,PIK3R1,0.00047145293005508907
D013274,80,IGF1,0.0004699816610424535
D013274,81,INS,0.0004691788828315724
D013274,82,IDH1,0.0004668651611422638
D013274,83,DCTN6,0.00046685174366907793
D013274,84,CDK4,0.0004658975524017125
D013274,85,PIK3CA,0.0004593140993884382
D013274,86,PARP1,0.00045920549297053453
D013274,87,PTGS2,0.00045184220050363414
D013274,88,SMAD3,0.000451244093757125
D013274,89,HGF,0.0004420703115977143
D013274,90,FN1,0.00044010000236656025
D013274,91,CDK2,0.00043995154927965334
D013274,92,SLTM,0.000439734231630917
D013274,93,RAC1,0.0004381453711832291
D013274,94,MIR21,0.0004374030517725527
D013274,95,NANOG,0.000436979667628382
D013274,96,DNMT1,0.0004340891881996704
D013274,97,SMAD4,0.0004324044054611209
D013274,98,PPARA,0.00043174561277859494
D013274,99,CDK1,0.0004300722301135769
D013274,100,PPARG,0.0004281939606120326
D000077273,1,TP53,0.0013516928786201784
D000077273,2,AKT1,0.001173306809467487
D000077273,3,CTNNB1,0.0009802366467700258
D000077273,4,EGFR,0.0009138852526503487
D000077273,5,MYC,0.0008926095739070606
D000077273,6,TGFB1,0.0008521201174683011
D000077273,7,MAPK1,0.0008448105995876233
D000077273,8,NFKB1,0.0007904157711428712
D000077273,9,ERBB2,0.0007778267495093976
D000077273,10,CDH1,0.0007680733381765606
D000077273,11,ESR1,0.000747649285203615
D000077273,12,AR,0.0007474430061391369
D000077273,13,MTOR,0.0007205621184770501
D000077273,14,STAT3,0.0007127854156483153
D000077273,15,CD8A,0.000692840788062256
D000077273,16,YAP1,0.0006654945996574953
D000077273,17,KRAS,0.0006591779344254817
D000077273,18,ALK,0.0006450824194805721
D000077273,19,VEGFA,0.000639410933904639
D000077273,20,VIM,0.0006388186977071014
D000077273,21,CCND1,0.0006375756144225841
D000077273,22,BRAF,0.000635211687813357
D000077273,23,HIF1A,0.0006299838573471004
D000077273,24,BCL2,0.0006262609859302991
D000077273,25,CD4,0.0006215010845181716
D000077273,26,TNF,0.000608280458273238
D000077273,27,MAPK3,0.0006044726120276551
D000077273,28,PTEN,0.0005923117005180047
D000077273,29,MMP9,0.0005869887610175378
D000077273,30,SNAI1,0.0005740682318558236
D000077273,31,IL6,0.0005710407267023801
D000077273,32,CD274,0.0005576919533217367
D000077273,33,CASP3,0.0005563950928567064
D000077273,34,MMP2,0.0005493382908991705
D000077273,35,EGF,0.0005379614510782151
D000077273,36,EREG,0.000523554429252532
D000077273,37,EZH2,0.0005234506913970664
D000077273,38,RET,0.0005232409242755404
D000077273,39,BRCA1,0.0005208469584352693
D000077273,40,IFNG,0.0005174957036099239
D000077273,41,CDH2,0.0005157653963576375
D000077273,42,MAPK8,0.0005117514684658851
D000077273,43,BAX,0.0004993459042393663
D000077273,44,TENM1,0.0004895150954925581
D000077273,45,GSK3B,0.00048679504152341333
D000077273,46,SRC,0.0004867950291548294
D000077273,47,CD44,0.0004820461972270916
D000077273,48,PTK2,0.0004787717599175927
D000077273,49,MYCN,0.00047147640710562094
D000077273,50,MAPK14,0.00046633437784360796
D000077273,51,CDKN2A,0.0004646062533012999
D000077273,52,MAP2K7,0.00046140647794685574
D000077273,53,H3P16,0.0004584743310694232
D000077273,54,RHOA,0.0004555235083936335
D000077273,55,CDKN1A,0.00045383074691093155
D000077273,56,JUN,0.0004529084016281716
D000077273,57,RB1,0.00045160762634778844
D000077273,58,PGR,0.0004493714231921424
D000077273,59,TWIST1,0.00044775868672690064
D000077273,60,ZEB1,0.0004442733613996383
D000077273,61,PARP1,0.00044103486922963297
D000077273,62,SOX2,0.00043586615409552673
D000077273,63,AFP,0.0004356728724760318
D000077273,64,NOTCH1,0.00043314869898005033
D000077273,65,E2F1,0.0004290534677465598
D000077273,66,PIK3R1,0.0004236703711957736
D000077273,67,POU5F1,0.0004228103814509281
D000077273,68,FN1,0.00042105379049299166
D000077273,69,SNAI2,0.000420374338258035
D000077273,70,FOXM1,0.0004197876551801518
D000077273,71,RELA,0.0004194901988283651
D000077273,72,PROM1,0.0004183628430953593
D000077273,73,MDM2,0.0004171670663792348
D000077273,74,SHH,0.0004145768896875943
D000077273,75,PDCD1,0.00040658368232960126
D000077273,76,INS,0.00040376582372008427
D000077273,77,MAPT,0.0004027372470695863
D000077273,78,IGF1,0.0004020020287930494
D000077273,79,ATM,0.00039912598585421273
D000077273,80,TAFAZZIN,0.00039460494798364943
D000077273,81,PPARG,0.00039317577250657607
D000077273,82,RAC1,0.00039279958811053856
D000077273,83,HGF,0.00038989158843905937
D000077273,84,NF1,0.0003872448644785761
D000077273,85,FOS,0.00038595448727185816
D000077273,86,SLTM,0.0003808706460936839
D000077273,87,NTRK1,0.0003786307866217738
D000077273,88,NFE2L2,0.00037779187366666694
D000077273,89,PCNA,0.00037594753566901984
D000077273,90,POMC,0.0003712789247151987
D000077273,91,CDK4,0.0003702468929760308
D000077273,92,PRL,0.00036477061527175514
D000077273,93,IL1B,0.00036422856274136113
D000077273,94,SMAD3,0.0003626783078187707
D000077273,95,CDK6,0.00036244925489938056
D000077273,96,IDH1,0.0003622921251823482
D000077273,97,MET,0.0003608280784817138
D000077273,98,EP300,0.00036018301865308074
D000077273,99,CXCL8,0.00035917220541461186
D000077273,100,NGF,0.0003581974709530102
D013945,1,TP53,0.0014351867253172914
D013945,2,TGFB1,0.0012530174240272833
D013945,3,AKT1,0.0012374502412118972
D013945,4,CD4,0.0012292921578517602
D013945,5,CD8A,0.001120323342178369
D013945,6,CTNNB1,0.0011147638794158745
D013945,7,MYC,0.001058417934937757
D013945,8,NFKB1,0.0010419471226383022
D013945,9,TNF,0.0009571915666011088
D013945,10,IFNG,0.0009208323795137977
D013945,11,EGFR,0.0009056369894740808
D013945,12,MAPK1,0.0008715275159766658
D013945,13,STAT3,0.0008673004707422823
D013945,14,IL6,0.0008216846901447989
D013945,15,ALK,0.0008064910974922777
D013945,16,CDH1,0.0007809483160909899
D013945,17,MTOR,0.0007761851711614914
D013945,18,ERBB2,0.0007743676875348702
D013945,19,VEGFA,0.0007422944844288559
D013945,20,APP,0.0007347860943774336
D013945,21,IL2,0.000719558258324839
D013945,22,BCL2,0.0007062168646839957
D013945,23,TRBV20OR9-2,0.000695550407340508
D013945,24,IL17A,0.000677330452112322
D013945,25,IL1B,0.0006742500451237611
D013945,26,CD274,0.0006724073511982838
D013945,27,IL10,0.0006666523706760693
D013945,28,HIF1A,0.0006612337971992373
D013945,29,CCND1,0.0006509692764133285
D013945,30,MMP9,0.0006475686968411805
D013945,31,FOXP3,0.0006404817380075156
D013945,32,VIM,0.0006364249568592035
D013945,33,KRAS,0.0006297392145574995
D013945,34,IL4,0.0006226428246775318
D013945,35,MAPK3,0.0006208043752800278
D013945,36,PTEN,0.0006179699753310866
D013945,37,SNAI1,0.0006136367760373636
D013945,38,ESR1,0.0006111741129933454
D013945,39,CASP3,0.0006086411705104322
D013945,40,BRAF,0.000607081266693524
D013945,41,MAPK8,0.0006070284128047087
D013945,42,MMP2,0.000597001019746675
D013945,43,MAPT,0.0005910334201191141
D013945,44,PDCD1,0.0005832486976845766
D013945,45,TWIST1,0.0005773024393453648
D013945,46,MAPK14,0.0005685263394764026
D013945,47,CD44,0.0005562258085757005
D013945,48,GSK3B,0.0005542061848253344
D013945,49,EGF,0.0005501050720754856
D013945,50,EREG,0.0005419894996201341
D013945,51,SMAD3,0.0005419498723175335
D013945,52,IL2RA,0.0005398921732450806
D013945,53,RET,0.0005323669436987819
D013945,54,NOTCH1,0.0005282154936541217
D013945,55,YAP1,0.0005208384199597574
D013945,56,TRAV9-2,0.000518507435747227
D013945,57,RELA,0.0005160155569166195
D013945,58,AR,0.0005150451922526641
D013945,59,RUNX1,0.0005144260287879095
D013945,60,CDH2,0.000511824721897887
D013945,61,BAX,0.0005095859777742832
D013945,62,KMT2A,0.0005087831006786767
D013945,63,IDH1,0.0005023106654216403
D013945,64,SRC,0.0005000701398456614
D013945,65,RAC1,0.0005000468577272613
D013945,66,PTK2,0.0004949750041537053
D013945,67,EZH2,0.0004947910683197427
D013945,68,MAP2K7,0.0004947376668016155
D013945,69,H3P16,0.0004933106939069345
D013945,70,JUN,0.0004914858111592557
D013945,71,PIK3R1,0.0004896778011367405
D013945,72,ZEB1,0.00048336584913256047
D013945,73,IL12B,0.0004821775610360752
D013945,74,CXCL8,0.0004775291880622745
D013945,75,FN1,0.00047599678841647275
D013945,76,RHOA,0.00047423320770382263
D013945,77,MYCN,0.00047361754425093806
D013945,78,SMAD2,0.00046967889687184113
D013945,79,TLR4,0.00046034781339732427
D013945,80,SMAD4,0.0004592694056229134
D013945,81,PTPRC,0.0004581593359570754
D013945,82,TNFSF10,0.00045768541059161024
D013945,83,CD28,0.0004520906813128223
D013945,84,SOX2,0.00045168791996562136
D013945,85,CDKN1A,0.00044929533231954677
D013945,86,NTRK1,0.0004482772795307948
D013945,87,SNAI2,0.0004480900578722887
D013945,88,STAT1,0.0004436834430929288
D013945,89,CD34,0.00044198699518787856
D013945,90,MDM2,0.00043912874727431843
D013945,91,TENM1,0.0004359917654570491
D013945,92,CSF2,0.00043557805481619596
D013945,93,STAT5A,0.0004299744178934789
D013945,94,IL15,0.000426897039733049
D013945,95,PROM1,0.0004255237079361503
D013945,96,CCL2,0.0004232854813017099
D013945,97,CDKN2A,0.0004232501985650092
D013945,98,RB1,0.0004225289886427371
D013945,99,SHH,0.0004215727088685606
D013945,100,IL13,0.0004207609720053922
D001749,1,TP53,0.0015756039462417864
D001749,2,AKT1,0.0014139290298707107
D001749,3,CTNNB1,0.0011526625993018241
D001749,4,ERBB2,0.0010559877942219959
D001749,5,MYC,0.0010489747320815747
D001749,6,TGFB1,0.0010211734944804928
D001749,7,EGFR,0.0010199156472900793
D001749,8,MAPK1,0.0009386232818076794
D001749,9,NFKB1,0.0009367902828487759
D001749,10,CD8A,0.0008495575359652213
D001749,11,MTOR,0.0008355989184870027
D001749,12,ESR1,0.0008256345751045995
D001749,13,STAT3,0.0008211515796507174
D001749,14,CDH1,0.0008026037130209009
D001749,15,KRAS,0.0007937534588820966
D001749,16,VEGFA,0.0007927816659225571
D001749,17,HIF1A,0.0007745764871873326
D001749,18,CCND1,0.0007565642222292187
D001749,19,TNF,0.0007556212989614163
D001749,20,BCL2,0.0007406919997526597
D001749,21,IL6,0.0007370286779762377
D001749,22,PTEN,0.0007294945728174221
D001749,23,CD274,0.0007272135825438827
D001749,24,MMP9,0.0007017163915138614
D001749,25,CD4,0.0006977821254072604
D001749,26,AR,0.0006948558703954068
D001749,27,BRCA1,0.0006917139755028449
D001749,28,MAPK3,0.0006904917689803934
D001749,29,VIM,0.000664589726540881
D001749,30,YAP1,0.000660751331816149
D001749,31,CD44,0.0006568381429088344
D001749,32,CASP3,0.0006478714769393694
D001749,33,SNAI1,0.000640955451695041
D001749,34,IFNG,0.0006369836368715522
D001749,35,MMP2,0.0006340129174718482
D001749,36,BRAF,0.0006219515289697654
D001749,37,EREG,0.0006091920572512006
D001749,38,EGF,0.0006059441757442502
D001749,39,ALK,0.0006028376323553847
D001749,40,TENM1,0.0005835263328538749
D001749,41,MAPK8,0.0005816268472440049
D001749,42,BAX,0.0005811711688945522
D001749,43,PTK2,0.0005696874161700251
D001749,44,CDH2,0.0005682421353936349
D001749,45,EZH2,0.0005620793974295078
D001749,46,PGR,0.0005566525924411491
D001749,47,H3P16,0.000554546440367075
D001749,48,MAPK14,0.0005510493534953165
D001749,49,CDKN2A,0.000537269620177069
D001749,50,SRC,0.0005333806795510045
D001749,51,PDCD1,0.0005310372601739518
D001749,52,GSK3B,0.0005305370644761362
D001749,53,ABL1,0.0005297466066783048
D001749,54,RB1,0.0005289557937655865
D001749,55,NFE2L2,0.0005183514924913631
D001749,56,SOX2,0.0005181601523471232
D001749,57,CDKN1A,0.0005168366288818043
D001749,58,MAP2K7,0.0005161688018690683
D001749,59,RET,0.0005076521122938996
D001749,60,RELA,0.0005045013923334952
D001749,61,PROM1,0.0004993132705139868
D001749,62,ZEB1,0.0004983663208699074
D001749,63,TWIST1,0.0004971273328412977
D001749,64,NOTCH1,0.0004939542562625326
D001749,65,FN1,0.0004918749303785218
D001749,66,RHOA,0.0004884992664266247
D001749,67,POU5F1,0.00048549165865574773
D001749,68,IL1B,0.0004842679388150663
D001749,69,MYCN,0.0004767818725394276
D001749,70,JUN,0.0004760860806530889
D001749,71,FOXM1,0.00047279667136152555
D001749,72,PARP1,0.00047264966353655557
D001749,73,DCTN6,0.0004722515498323421
D001749,74,SNAI2,0.00046845423513110744
D001749,75,MIR21,0.0004679843708873708
D001749,76,AFP,0.0004655661766296153
D001749,77,CDK4,0.00046166374382193353
D001749,78,CXCL8,0.0004607222666422872
D001749,79,SMAD3,0.0004597333398905737
D001749,80,PCNA,0.0004540523354650019
D001749,81,PIK3R1,0.0004534311296829297
D001749,82,JAK2,0.0004464411695175058
D001749,83,CDK1,0.00044513822807579277
D001749,84,MDM2,0.0004447744800688469
D001749,85,E2F1,0.0004413718185478634
D001749,86,FGF2,0.00043752788257153777
D001749,87,IGF1,0.00043522483417757354
D001749,88,BRCA2,0.0004347702102041524
D001749,89,EPAS1,0.0004331201181610879
D001749,90,PTGS2,0.0004308254042480793
D001749,91,VHL,0.0004304108957243517
D001749,92,IDH1,0.0004300446623040546
D001749,93,CDKN1B,0.0004298014055073862
D001749,94,NANOG,0.00042866595134215865
D001749,95,INS,0.00042683092784202023
D001749,96,CDK6,0.0004245521805376501
D001749,97,IL2,0.00042069609732461725
D001749,98,SLTM,0.0004142750317498299
D001749,99,CDK2,0.00041175526140686033
D001749,100,IL10,0.0004104528090073559
D001943,1,TP53,0.0015410858858777078
D001943,2,AKT1,0.0014349689199496876
D001943,3,ERBB2,0.0011289467513813532
D001943,4,CTNNB1,0.001125973631851694
D001943,5,MYC,0.0010867228959967534
D001943,6,EGFR,0.0010438548072483533
D001943,7,TGFB1,0.0010291974203162323
D001943,8,ESR1,0.0010282950297767013
D001943,9,NFKB1,0.0009800532697972681
D001943,10,MAPK1,0.0009395053043553647
D001943,11,MTOR,0.0008610244922099348
D001943,12,STAT3,0.0008588469877300523
D001943,13,CD8A,0.0008294436643849178
D001943,14,CDH1,0.0008212835259249039
D001943,15,VEGFA,0.0007934178010743263
D001943,16,TNF,0.0007930864742708928
D001943,17,HIF1A,0.0007814750543144298
D001943,18,BCL2,0.0007712421533565133
D001943,19,BRCA1,0.0007597141123412972
D001943,20,IL6,0.0007539971679432547
D001943,21,CCND1,0.0007476775188968392
D001943,22,EREG,0.0007425450657966833
D001943,23,PTEN,0.0007246274838923578
D001943,24,CD4,0.0007208056826029472
D001943,25,CASP3,0.0007048532554211089
D001943,26,KRAS,0.0007047193627968244
D001943,27,MMP9,0.0007041506655501007
D001943,28,PGR,0.0006899704987988587
D001943,29,EGF,0.0006893347460288095
D001943,30,MAPK3,0.0006866997555493719
D001943,31,AR,0.0006800387406220651
D001943,32,CD274,0.0006710557291208556
D001943,33,YAP1,0.0006420118989688583
D001943,34,VIM,0.0006399325042642951
D001943,35,MMP2,0.0006394599716096791
D001943,36,SNAI1,0.0006389543951885333
D001943,37,IFNG,0.0006210349993964336
D001943,38,BAX,0.000612659442977582
D001943,39,ALK,0.0006081783456334747
D001943,40,MAPK8,0.000605505935255315
D001943,41,BRAF,0.0005964807550865102
D001943,42,APP,0.0005817582870456885
D001943,43,CD44,0.0005764359389646836
D001943,44,SRC,0.0005680656578137183
D001943,45,MAPK14,0.0005589418802514222
D001943,46,CDH2,0.0005510419708537762
D001943,47,H3P16,0.0005490183141980269
D001943,48,CDKN1A,0.0005465390333968344
D001943,49,EZH2,0.0005459534951367509
D001943,50,IGF1,0.000540175829428479
D001943,51,PTK2,0.0005362078216757865
D001943,52,GSK3B,0.0005356521515801465
D001943,53,RB1,0.0005340947752833576
D001943,54,PARP1,0.0005219918881805147
D001943,55,TENM1,0.0005199765038694461
D001943,56,RELA,0.0005182467629711173
D001943,57,INS,0.0005176616708678
D001943,58,MAP2K7,0.0005136155919354014
D001943,59,IL1B,0.0005122461548880266
D001943,60,JUN,0.000511136665173082
D001943,61,ZEB1,0.0005071314838736042
D001943,62,CDKN2A,0.0005066989621912626
D001943,63,TWIST1,0.0005025150702838261
D001943,64,PDCD1,0.0004971103232657239
D001943,65,NOTCH1,0.0004902991216423587
D001943,66,PIK3R1,0.00048748889694577374
D001943,67,MDM2,0.0004834527730525017
D001943,68,SOX2,0.0004833499521522872
D001943,69,NFE2L2,0.00048126389735494757
D001943,70,CXCL8,0.00047987392763290047
D001943,71,RET,0.0004720651632635073
D001943,72,AFP,0.00047160929128107636
D001943,73,TNFSF10,0.00047100060447510177
D001943,74,FN1,0.00046930611623559006
D001943,75,SNAI2,0.00046914558470216984
D001943,76,IGF1R,0.0004655374685600249
D001943,77,E2F1,0.00046307995112017126
D001943,78,RHOA,0.000462447151061834
D001943,79,ABL1,0.00046202971797088167
D001943,80,MYCN,0.0004616222528859806
D001943,81,PROM1,0.00045703101954952226
D001943,82,RAC1,0.0004563007775386576
D001943,83,BRCA2,0.00045158126170853364
D001943,84,FOXM1,0.000451429313750662
D001943,85,POU5F1,0.0004479552094029072
D001943,86,SMAD3,0.0004472659633434679
D001943,87,CDK4,0.0004434395139787573
D001943,88,PCNA,0.0004392405125876121
D001943,89,DCTN6,0.0004379526458979826
D001943,90,LEP,0.0004350693225315464
D001943,91,IL10,0.0004344425593270856
D001943,92,IL2,0.0004326140026383538
D001943,93,ESR2,0.00043142771849818463
D001943,94,MIR21,0.0004258080432763337
D001943,95,ATM,0.0004224841245869346
D001943,96,PIK3CA,0.00042178191989894253
D001943,97,HGF,0.00041820975375663974
D001943,98,CDK2,0.00041801376627095094
D001943,99,CDK6,0.0004172627792013643
D001943,100,PTGS2,0.0004172148482617307
D002277,1,TP53,0.0014156220094467189
D002277,2,AKT1,0.0013563157108847307
D002277,3,CTNNB1,0.0011360392626626446
D002277,4,MYC,0.0010960009465310915
D002277,5,TGFB1,0.001024141727273025
D002277,6,NFKB1,0.0009659284958524439
D002277,7,MAPK1,0.0009579297908896582
D002277,8,EGFR,0.0009504041780499383
D002277,9,TNF,0.0009044005774857992
D002277,10,STAT3,0.0008926474440106079
D002277,11,ERBB2,0.0008897663953410459
D002277,12,CD8A,0.0008881123135241804
D002277,13,CDH1,0.000834273084916093
D002277,14,CD4,0.0008240282210579557
D002277,15,HIF1A,0.0008152535719518619
D002277,16,VEGFA,0.0008045128242776736
D002277,17,IL6,0.0008026997356101217
D002277,18,MTOR,0.0007917756324079883
D002277,19,IFNG,0.000735766689437026
D002277,20,ESR1,0.0007162974448260788
D002277,21,MMP9,0.0007152469739082166
D002277,22,CCND1,0.0007088139292618956
D002277,23,BCL2,0.0007037738702131278
D002277,24,MAPK3,0.0006912635783428713
D002277,25,VIM,0.0006856987831632522
D002277,26,CD274,0.0006791236180639632
D002277,27,SNAI1,0.0006548423559806385
D002277,28,KRAS,0.0006501607082363155
D002277,29,IL1B,0.0006452800454624583
D002277,30,CASP3,0.0006408116224084842
D002277,31,MMP2,0.0006327764089988014
D002277,32,CD44,0.0006303530501507408
D002277,33,MAPK8,0.0006234339201638825
D002277,34,PTEN,0.0006148886162842069
D002277,35,MAPK14,0.0006055754166421911
D002277,36,EGF,0.0005953897893295661
D002277,37,PTK2,0.0005846260348882801
D002277,38,CDH2,0.0005678061653301319
D002277,39,BRAF,0.000567374989288333
D002277,40,EZH2,0.0005612182259272879
D002277,41,AR,0.0005573865940593067
D002277,42,SRC,0.0005559170947935375
D002277,43,YAP1,0.0005527955662864352
D002277,44,GSK3B,0.0005410832791375535
D002277,45,ALK,0.0005407993047847468
D002277,46,BAX,0.0005386646120165166
D002277,47,FN1,0.000534526360471429
D002277,48,PROM1,0.0005262297569441538
D002277,49,CXCL8,0.0005251742193338761
D002277,50,PDCD1,0.0005185664268512138
D002277,51,SOX2,0.0005160037722296948
D002277,52,MAP2K7,0.0005145762452169124
D002277,53,IL10,0.0005130377368660373
D002277,54,RELA,0.0005123309889112922
D002277,55,TWIST1,0.0005112794756988212
D002277,56,EREG,0.0005105016466622344
D002277,57,ZEB1,0.0005087395345818083
D002277,58,APP,0.0005039180166850167
D002277,59,JUN,0.000498440032872621
D002277,60,CDKN1A,0.0004982904161765099
D002277,61,AFP,0.0004877493600620936
D002277,62,HGF,0.00048400895758041055
D002277,63,H3P16,0.0004825409091319064
D002277,64,RAC1,0.0004746974854908897
D002277,65,POU5F1,0.0004735008291220703
D002277,66,IL17A,0.00047062552186615566
D002277,67,NFE2L2,0.00047015063693498323
D002277,68,PGR,0.00046957974679968
D002277,69,PIK3R1,0.00046930105472822443
D002277,70,IL2,0.00046905041847287597
D002277,71,RHOA,0.0004671804536990867
D002277,72,INS,0.0004669224549133155
D002277,73,NOTCH1,0.0004651442032069099
D002277,74,RB1,0.0004646817612537372
D002277,75,BRCA1,0.00046369821432822787
D002277,76,SNAI2,0.000463099211274456
D002277,77,CDKN2A,0.0004538547040006354
D002277,78,IGF1,0.00045016735914085325
D002277,79,SMAD3,0.00044994645393805983
D002277,80,TENM1,0.0004471525403583066
D002277,81,RET,0.00044617624472639746
D002277,82,CCL2,0.0004410165824523778
D002277,83,CXCR4,0.00043497678121088543
D002277,84,PARP1,0.00043447847440851786
D002277,85,CD34,0.0004289129056998643
D002277,86,ITGB1,0.00042873786931471505
D002277,87,IL4,0.00042667451507134857
D002277,88,SPP1,0.00042493615157439534
D002277,89,NANOG,0.0004243419319096135
D002277,90,ABL1,0.00042251791530746835
D002277,91,FGF2,0.00042169911337501255
D002277,92,FOXM1,0.0004199548955804852
D002277,93,MDM2,0.00041777296156383334
D002277,94,PTGS2,0.0004127211374987084
D002277,95,MET,0.000411708578521453
D002277,96,TNFSF10,0.0004106732736228087
D002277,97,E2F1,0.00041007991631115525
D002277,98,MYCN,0.00040940363598323084
D002277,99,IFNA1,0.0004083481051238301
D002277,100,SMAD2,0.00040498565716887527
D002294,1,TP53,0.001482941491977823
D002294,2,AKT1,0.0012647077238596173
D002294,3,CTNNB1,0.0011284374680272358
D002294,4,TGFB1,0.0010324411785304487
D002294,5,MAPK1,0.0009286602753762342
D002294,6,EGFR,0.0009255236693861073
D002294,7,MYC,0.000916075827608634
D002294,8,NFKB1,0.0008699260094679438
D002294,9,CDH1,0.0008645944037631963
D002294,10,ERBB2,0.0008369230479146649
D002294,11,STAT3,0.0008218368319960397
D002294,12,TNF,0.0007890666250468027
D002294,13,CD8A,0.0007815870875799522
D002294,14,CD4,0.0007696123568457351
D002294,15,ESR1,0.0007539164151567323
D002294,16,IFNG,0.0007234900065183207
D002294,17,MTOR,0.000722540543528327
D002294,18,AR,0.0006885231677762948
D002294,19,IL6,0.0006734047050498657
D002294,20,CCND1,0.0006730731649695769
D002294,21,EGF,0.0006704444221851428
D002294,22,KRAS,0.0006624276786986201
D002294,23,VIM,0.000657153523978863
D002294,24,VEGFA,0.0006564647294549844
D002294,25,MAPK3,0.0006555453170239751
D002294,26,BCL2,0.0006503510550493767
D002294,27,SNAI1,0.0006406666057718387
D002294,28,CD44,0.0006386946047228361
D002294,29,MMP9,0.0006338259631989401
D002294,30,HIF1A,0.0006267353208418639
D002294,31,CASP3,0.0006137061588804464
D002294,32,IL1B,0.0006039642038897561
D002294,33,MMP2,0.0005872201186166257
D002294,34,MAPK8,0.0005752017488132132
D002294,35,PTEN,0.0005684457212849681
D002294,36,MAPK14,0.0005644954435233746
D002294,37,SOX2,0.0005637376409600241
D002294,38,CDH2,0.0005559225791994167
D002294,39,PROM1,0.0005515054011149824
D002294,40,EZH2,0.0005494962096470935
D002294,41,SRC,0.0005460452933552419
D002294,42,CDKN1A,0.0005414011454917783
D002294,43,FN1,0.0005341818090717917
D002294,44,H3P16,0.000533215898980955
D002294,45,YAP1,0.0005306021152872877
D002294,46,PTK2,0.000524173292556027
D002294,47,BAX,0.0005102360045116781
D002294,48,EREG,0.000509799789613514
D002294,49,CDKN2A,0.000509747149782618
D002294,50,GSK3B,0.0005069727226894406
D002294,51,INS,0.0005055042655587528
D002294,52,NOTCH1,0.0005054368710827557
D002294,53,TWIST1,0.00050147704395747
D002294,54,POU5F1,0.0004996901611109678
D002294,55,ALK,0.0004983865117108349
D002294,56,BRAF,0.0004977070483160712
D002294,57,JUN,0.000497200338414154
D002294,58,CXCL8,0.0004956965217740318
D002294,59,CD274,0.0004950193011129315
D002294,60,BRCA1,0.0004906895090103501
D002294,61,FGF2,0.00048357538010882525
D002294,62,IL17A,0.00047951605340433194
D002294,63,ZEB1,0.0004761499993794831
D002294,64,TENM1,0.00047611930191332317
D002294,65,MAP2K7,0.00047394816696562223
D002294,66,RAC1,0.0004582521284387787
D002294,67,RB1,0.00045763193494530895
D002294,68,RHOA,0.00045595223434592827
D002294,69,IGF1,0.0004555605544871235
D002294,70,PIK3R1,0.0004488888307214816
D002294,71,SHH,0.0004485608062455872
D002294,72,IL4,0.000445114754084048
D002294,73,RET,0.0004433026852187116
D002294,74,NANOG,0.00044243137339986893
D002294,75,CD34,0.0004420253911323004
D002294,76,SNAI2,0.00043889174269271284
D002294,77,MDM2,0.00043753792877823823
D002294,78,HGF,0.00043602253621573907
D002294,79,PGR,0.0004319722914518975
D002294,80,PTGS2,0.0004291733250020516
D002294,81,IL2,0.0004277695642209138
D002294,82,RELA,0.0004276315254423377
D002294,83,ITGB1,0.0004274036789531937
D002294,84,IL10,0.00041528443862135417
D002294,85,CDC42,0.00041380259267270877
D002294,86,TP63,0.0004109830000025614
D002294,87,FOXM1,0.0004067986626354867
D002294,88,SMAD3,0.0004047400647640219
D002294,89,CXCR4,0.00040431086369803443
D002294,90,PPARG,0.0004042562636052501
D002294,91,PRRT2,0.00040131856937269874
D002294,92,PCNA,0.0004012972702338712
D002294,93,NFE2L2,0.00040046249953178977
D002294,94,KIT,0.0003929225834231854
D002294,95,CDK4,0.00038793659709682925
D002294,96,SOX9,0.00038502149752556245
D002294,97,DCTN6,0.0003843366628996734
D002294,98,IL1A,0.00038302205426185283
D002294,99,AFP,0.00038143594495038184
D002294,100,CDK1,0.0003804933037217123
D000230,1,TP53,0.001611616750485248
D000230,2,AKT1,0.001370859795142038
D000230,3,CTNNB1,0.0011886170184299302
D000230,4,EGFR,0.001103310691806989
D000230,5,TGFB1,0.0010950099773982416
D000230,6,MAPK1,0.0009972732546902302
D000230,7,MYC,0.0009843253888148736
D000230,8,ERBB2,0.0009748617503572756
D000230,9,NFKB1,0.0009643136656026986
D000230,10,CDH1,0.0009228645406088036
D000230,11,ESR1,0.0009078646938258113
D000230,12,STAT3,0.0008569268395665836
D000230,13,AR,0.0008305127660998896
D000230,14,KRAS,0.000813987377010683
D000230,15,MTOR,0.0008043817568871841
D000230,16,TNF,0.0008037980888916117
D000230,17,CD8A,0.0007945404131811161
D000230,18,VEGFA,0.0007812410121647498
D000230,19,CCND1,0.0007452647982943793
D000230,20,HIF1A,0.0007341139099822858
D000230,21,MMP9,0.0007331028690922246
D000230,22,SNAI1,0.0007230223622397043
D000230,23,CD4,0.0007148523493378904
D000230,24,BCL2,0.000713296128137116
D000230,25,EGF,0.0007091678423259371
D000230,26,PTEN,0.0007045971638394595
D000230,27,IL6,0.0006927601196611012
D000230,28,VIM,0.0006925973600799065
D000230,29,MAPK3,0.0006800120145086447
D000230,30,YAP1,0.0006703108102668895
D000230,31,MMP2,0.0006668745510589032
D000230,32,BRCA1,0.0006369244388618526
D000230,33,CD274,0.0006327464494221902
D000230,34,ALK,0.0006251611878430558
D000230,35,IFNG,0.0006241483330460851
D000230,36,EREG,0.000615736111555806
D000230,37,CASP3,0.0006113616741043539
D000230,38,CDH2,0.0006111795354840946
D000230,39,EZH2,0.0006071510340406164
D000230,40,MAPK8,0.0006012394577323163
D000230,41,PGR,0.0005962337376033353
D000230,42,CD44,0.0005876234956087593
D000230,43,MAPK14,0.0005727217732259606
D000230,44,PTK2,0.0005651865429647342
D000230,45,GSK3B,0.0005649445979080948
D000230,46,BRAF,0.0005645005728607915
D000230,47,BAX,0.0005625874222959361
D000230,48,IL1B,0.000561152496521125
D000230,49,ZEB1,0.0005560185773630286
D000230,50,TENM1,0.0005537551669589756
D000230,51,CDKN1A,0.0005461769902733259
D000230,52,SRC,0.0005436544021430532
D000230,53,TWIST1,0.0005414349292275972
D000230,54,INS,0.0005396006485489695
D000230,55,H3P16,0.0005342351497685608
D000230,56,MAP2K7,0.0005306129674130868
D000230,57,JUN,0.0005173079717158994
D000230,58,FN1,0.0005171393035635118
D000230,59,APP,0.0005063727824911196
D000230,60,SNAI2,0.000505535813375218
D000230,61,SOX2,0.0005050734510692136
D000230,62,CDKN2A,0.0004978481393476989
D000230,63,RELA,0.0004951221572076309
D000230,64,RHOA,0.0004937881388465557
D000230,65,AFP,0.0004894079620310034
D000230,66,MDM2,0.0004826987974528542
D000230,67,IGF1,0.0004805211524833295
D000230,68,PIK3R1,0.0004794731173955
D000230,69,CXCL8,0.00047746587804403667
D000230,70,NFE2L2,0.00047448656719733346
D000230,71,HGF,0.0004678430423208554
D000230,72,SHH,0.00046557748450855644
D000230,73,MUC1,0.0004653468572521972
D000230,74,ESR2,0.0004634008609395093
D000230,75,PROM1,0.00046246295364665916
D000230,76,PTGS2,0.00045762913032175445
D000230,77,RAC1,0.0004540669915632368
D000230,78,RB1,0.0004535132720239121
D000230,79,RET,0.00045091474360483923
D000230,80,NOTCH1,0.0004506248098463693
D000230,81,SMAD3,0.0004414376434191773
D000230,82,ITGB1,0.00044127064054724725
D000230,83,PARP1,0.00043993991386886034
D000230,84,FOXM1,0.0004367719799470558
D000230,85,CDC42,0.0004350728226650015
D000230,86,PDCD1,0.0004318103475961327
D000230,87,PPARG,0.0004296414298366272
D000230,88,POU5F1,0.00042851611407017295
D000230,89,SMAD4,0.00041954888874418887
D000230,90,CDK4,0.00041936066190511836
D000230,91,APC,0.00041831413401729876
D000230,92,IDH1,0.0004149914305904241
D000230,93,SLTM,0.0004149015700429273
D000230,94,PCNA,0.0004143154535846271
D000230,95,E2F1,0.0004141858404094293
D000230,96,DCTN6,0.0004052333228262149
D000230,97,KMT2A,0.0004002089335757514
D000230,98,CDK2,0.00039903567869771294
D000230,99,SPP1,0.0003977207392819885
D000230,100,SMAD2,0.00039613282218748725
D018281,1,TP53,0.001371527388094473
D018281,2,AKT1,0.0013138687441234555
D018281,3,CTNNB1,0.0011714770082006498
D018281,4,TGFB1,0.001128586573093008
D018281,5,MYC,0.001010722280282235
D018281,6,NFKB1,0.0010094172203217243
D018281,7,MAPK1,0.000998581432845955
D018281,8,EGFR,0.0009202654056202276
D018281,9,CDH1,0.00090690801859897
D018281,10,STAT3,0.0008953726957330761
D018281,11,TNF,0.0008897074105182785
D018281,12,IL6,0.0008205147770539231
D018281,13,ERBB2,0.0008186127572280613
D018281,14,HIF1A,0.0007888736825105981
D018281,15,CD8A,0.000758284135500303
D018281,16,ESR1,0.0007518441106883339
D018281,17,CCND1,0.0007470208333444138
D018281,18,MTOR,0.0007433774441181557
D018281,19,CD4,0.0007394390094454183
D018281,20,VEGFA,0.0007297136055813349
D018281,21,BCL2,0.0007211805315774057
D018281,22,KRAS,0.0007209954744710662
D018281,23,YAP1,0.0007157928450560732
D018281,24,MMP9,0.0007019681710777763
D018281,25,AR,0.0006964960511037932
D018281,26,SNAI1,0.0006916394250023596
D018281,27,VIM,0.0006915572984870081
D018281,28,MAPK3,0.0006715266105130029
D018281,29,CASP3,0.0006586595276769066
D018281,30,IFNG,0.0006444843028854763
D018281,31,MAPK8,0.0006371240315662961
D018281,32,EGF,0.0006322637365696979
D018281,33,MMP2,0.0006174116322741076
D018281,34,CD44,0.0006147838882961822
D018281,35,IL1B,0.0006043667098254115
D018281,36,CD274,0.0006042379382595757
D018281,37,PTEN,0.0005996870677464544
D018281,38,EZH2,0.0005850991614930636
D018281,39,CDH2,0.0005810188772484898
D018281,40,PTK2,0.0005751992897085316
D018281,41,MAPK14,0.000574606773592944
D018281,42,AFP,0.0005735033894585486
D018281,43,ZEB1,0.0005733213118788092
D018281,44,GSK3B,0.0005599874382771692
D018281,45,BRCA1,0.0005557562371652119
D018281,46,BAX,0.0005549503735151717
D018281,47,PROM1,0.0005545244825260619
D018281,48,ALK,0.0005525626744887593
D018281,49,SRC,0.0005516387538380142
D018281,50,HGF,0.0005484774816279694
D018281,51,H3P16,0.0005332409541537942
D018281,52,NFE2L2,0.0005311802248226179
D018281,53,CDKN1A,0.0005265131863794336
D018281,54,TENM1,0.0005255360346368866
D018281,55,JUN,0.0005225063593626918
D018281,56,MAP2K7,0.000518457861358846
D018281,57,RELA,0.0005143861905348249
D018281,58,SOX2,0.0005127735567497452
D018281,59,SMAD3,0.000509116110368714
D018281,60,TWIST1,0.0005074334520164453
D018281,61,EREG,0.0005065872694343255
D018281,62,BRAF,0.0005017126485250501
D018281,63,FN1,0.0005007665840642124
D018281,64,INS,0.0004969608932531911
D018281,65,SNAI2,0.0004959574197779777
D018281,66,NOTCH1,0.00048819461924920075
D018281,67,IGF1,0.0004807495107792873
D018281,68,HNF4A,0.0004797661912574667
D018281,69,CXCL8,0.00047823189209262966
D018281,70,RHOA,0.0004734041033625405
D018281,71,PPARG,0.00047229887339039447
D018281,72,PIK3R1,0.0004703209003363257
D018281,73,RB1,0.00046853597093705863
D018281,74,POU5F1,0.0004630721991983779
D018281,75,FOXM1,0.000462518533158139
D018281,76,IL17A,0.00046075310312580125
D018281,77,TNFSF10,0.00046019352053489293
D018281,78,RAC1,0.0004546540747182029
D018281,79,ABL1,0.0004506578761273094
D018281,80,MET,0.0004442662228417025
D018281,81,SMAD4,0.0004414759488910524
D018281,82,CDKN2A,0.0004402545422966992
D018281,83,SHH,0.0004398808546263521
D018281,84,IL10,0.000439456784334261
D018281,85,RET,0.0004359078793700033
D018281,86,SMAD2,0.0004354682805755181
D018281,87,PARP1,0.00043507330708275247
D018281,88,NANOG,0.00043100571100775304
D018281,89,SPP1,0.0004302831354441387
D018281,90,ITGB1,0.0004301686534785056
D018281,91,CXCR4,0.0004299306687830787
D018281,92,E2F1,0.0004298734987683138
D018281,93,PGR,0.0004259826424631018
D018281,94,FGF2,0.0004236734646248017
D018281,95,PDCD1,0.000420377554118876
D018281,96,PCNA,0.0004200189193660811
D018281,97,PTGS2,0.0004151970465958029
D018281,98,MUC1,0.0004146416418514236
D018281,99,SLTM,0.00041414887957754896
D018281,100,NR1I3,0.00041406175282691026
D003110,1,TP53,0.0015646516883537117
D003110,2,AKT1,0.0014143421356542906
D003110,3,CTNNB1,0.001331842677940199
D003110,4,MYC,0.0011131214797180033
D003110,5,NFKB1,0.0010268296053738731
D003110,6,TGFB1,0.0010239909833680925
D003110,7,MAPK1,0.0009677673024877367
D003110,8,EGFR,0.0009471397628349231
D003110,9,CDH1,0.0008860840091659567
D003110,10,TNF,0.0008804070405470974
D003110,11,STAT3,0.0008783696633712338
D003110,12,CD8A,0.0008698837919816865
D003110,13,MTOR,0.0008288773193203294
D003110,14,KRAS,0.0008257109074424873
D003110,15,ERBB2,0.0007971537202349504
D003110,16,HIF1A,0.0007961681699392568
D003110,17,CCND1,0.0007882839288401535
D003110,18,CD4,0.0007847181337268277
D003110,19,VEGFA,0.0007602652844621775
D003110,20,IL6,0.0007243503769913075
D003110,21,MMP9,0.0007162099670252719
D003110,22,BCL2,0.0007146817400231117
D003110,23,IFNG,0.0007067305518312993
D003110,24,PTEN,0.0007043289867946521
D003110,25,VIM,0.0006978752258308816
D003110,26,CD274,0.0006871751242276483
D003110,27,CASP3,0.0006853808441651766
D003110,28,MAPK3,0.0006642003900874028
D003110,29,SNAI1,0.0006621800564053419
D003110,30,AR,0.0006541238809805049
D003110,31,YAP1,0.0006512844232823004
D003110,32,MMP2,0.0006411997231384867
D003110,33,BRAF,0.0006338653390469791
D003110,34,CD44,0.0006301029439102398
D003110,35,EGF,0.0006289497486979489
D003110,36,ESR1,0.0006060841737705683
D003110,37,MAPK8,0.000603198161117039
D003110,38,GSK3B,0.0005946870968236344
D003110,39,EZH2,0.0005919758566090378
D003110,40,CDH2,0.0005864472861582607
D003110,41,TENM1,0.000584994089168892
D003110,42,MAPK14,0.0005827527172951914
D003110,43,IL1B,0.0005752860259917929
D003110,44,BAX,0.0005747761350144689
D003110,45,H3P16,0.0005579199673771879
D003110,46,PROM1,0.0005521594184799116
D003110,47,PTK2,0.0005497167982680898
D003110,48,SRC,0.0005494334699092853
D003110,49,CDKN1A,0.000542492877909403
D003110,50,RELA,0.0005378818508246458
D003110,51,AFP,0.0005356755399943765
D003110,52,TWIST1,0.0005352738441713206
D003110,53,ALK,0.0005336546781993462
D003110,54,ZEB1,0.0005265737532614985
D003110,55,APC,0.0005196309600213897
D003110,56,CXCL8,0.0005164393849489921
D003110,57,PTGS2,0.000503718182689665
D003110,58,MAP2K7,0.0005035301068871266
D003110,59,SOX2,0.0004977108776578484
D003110,60,JUN,0.0004968748895241947
D003110,61,BRCA1,0.0004943486807600097
D003110,62,CDKN2A,0.0004924279487179895
D003110,63,IL10,0.00048793620001164506
D003110,64,RB1,0.0004823802958203644
D003110,65,SNAI2,0.00048062412328534073
D003110,66,NOTCH1,0.0004773955861704499
D003110,67,FOXM1,0.0004772930462809676
D003110,68,IL17A,0.0004738362009827732
D003110,69,PDCD1,0.0004709989623854874
D003110,70,RHOA,0.00046733677218165445
D003110,71,FN1,0.00046333937372145017
D003110,72,EREG,0.00046150430729362957
D003110,73,POU5F1,0.00046025625406437043
D003110,74,PARP1,0.0004590162606988326
D003110,75,NFE2L2,0.0004585080595853897
D003110,76,PCNA,0.00045296622345413813
D003110,77,SMAD4,0.00044817460664487574
D003110,78,DNMT1,0.00044444912355886515
D003110,79,SMAD3,0.00044195278432664146
D003110,80,CDK4,0.0004408465537566331
D003110,81,DCTN6,0.00043590522951197214
D003110,82,HNF4A,0.00043583422193672276
D003110,83,INS,0.000432984438722497
D003110,84,MYCN,0.00043204864442709224
D003110,85,MET,0.0004301696805174783
D003110,86,HGF,0.0004281367510654833
D003110,87,MIR21,0.00042673964257862533
D003110,88,TNFSF10,0.00042666948286018783
D003110,89,PIK3R1,0.0004240394224722829
D003110,90,TLR4,0.00042333812980716387
D003110,91,E2F1,0.0004229340584385692
D003110,92,CDK2,0.00042054894679296063
D003110,93,NANOG,0.0004193572829174038
D003110,94,MDM2,0.0004192009027934919
D003110,95,CDK6,0.0004191168359997485
D003110,96,IGF1,0.000418915154237033
D003110,97,RET,0.00041705587074814573
D003110,98,COX2,0.00041664684091417825
D003110,99,CXCR4,0.00041503261306004123
D003110,100,MUC1,0.00041485817321227774
D016403,1,TP53,0.0011845582899029231
D016403,2,MYC,0.0011331597579029454
D016403,3,CD4,0.0011074419695617519
D016403,4,AKT1,0.0011018976537094055
D016403,5,CD8A,0.0010538365371457886
D016403,6,NFKB1,0.0009729863629699578
D016403,7,CTNNB1,0.0009685479334190731
D016403,8,TNF,0.0009152600205551154
D016403,9,IFNG,0.0008783883424179436
D016403,10,TGFB1,0.0008521276777324411
D016403,11,BCL2,0.0008003715469153069
D016403,12,IL6,0.0007965307339352899
D016403,13,MAPK1,0.000744310799240315
D016403,14,STAT3,0.0007257593564013132
D016403,15,IL10,0.000717130332729446
D016403,16,ERBB2,0.0006986388213035841
D016403,17,IL2,0.0006985635193400799
D016403,18,ALK,0.0006776909943221809
D016403,19,IL4,0.000667670955865586
D016403,20,MTOR,0.0006591971726127265
D016403,21,KMT2A,0.0006586703318267067
D016403,22,EGFR,0.0006399131975642478
D016403,23,CD274,0.0006222261171742362
D016403,24,ESR1,0.0006061423318880575
D016403,25,CCND1,0.0005863850659967433
D016403,26,TRBV20OR9-2,0.0005853682136942919
D016403,27,IL1B,0.0005839730174384706
D016403,28,CD19,0.0005799873518269973
D016403,29,BCR,0.0005787001203917918
D016403,30,MYCN,0.0005657756200353264
D016403,31,CD40,0.0005642965171590333
D016403,32,HIF1A,0.0005521913826855886
D016403,33,CD44,0.00054703833755441
D016403,34,CD34,0.0005447396264242271
D016403,35,BRAF,0.0005406408988003477
D016403,36,CASP3,0.0005402223661612064
D016403,37,IL17A,0.0005390959865996981
D016403,38,IFNA1,0.0005365407817914228
D016403,39,PDCD1,0.0005360247534490144
D016403,40,CDH1,0.0005347353792306835
D016403,41,VEGFA,0.0005346885729183398
D016403,42,MAPK3,0.0005276128872849537
D016403,43,PTPRC,0.0005250738067995934
D016403,44,EREG,0.0005124174637693982
D016403,45,FAS,0.0005060977026508045
D016403,46,ABL1,0.0004925998950354593
D016403,47,IL2RA,0.0004906511816473155
D016403,48,MAPK8,0.0004892744826792481
D016403,49,PTEN,0.0004890818677184077
D016403,50,CSF2,0.0004853072943645935
D016403,51,MMP9,0.0004816092297168004
D016403,52,BCL6,0.0004811858303254164
D016403,53,CD40LG,0.00047878976669276085
D016403,54,IL12B,0.0004708442958359413
D016403,55,INS,0.0004666965653904525
D016403,56,RB1,0.0004650229031681045
D016403,57,RELA,0.00046257770427692333
D016403,58,BAX,0.00046257006131050375
D016403,59,VIM,0.0004612722510966416
D016403,60,RUNX1,0.00045956376824778
D016403,61,MAPK14,0.00045951813349061604
D016403,62,JUN,0.0004574625307575528
D016403,63,TLR4,0.0004566222805161546
D016403,64,EZH2,0.00045571192600167603
D016403,65,TNFSF10,0.00045072416857299834
D016403,66,CD14,0.00045008361317984196
D016403,67,BCL2L1,0.00044541294955201374
D016403,68,VEGFC,0.00043744210675452657
D016403,69,IL15,0.0004302002627386186
D016403,70,ITGAM,0.00043002544220249907
D016403,71,CD28,0.00042919612152973974
D016403,72,HLA-C,0.0004282761861209901
D016403,73,LEP,0.0004280291848898255
D016403,74,MMP2,0.00042685949809050843
D016403,75,NCAM1,0.0004267417881763424
D016403,76,CXCL8,0.0004253274023936653
D016403,77,FOXP3,0.00042325727174804417
D016403,78,CD5,0.0004230167354502278
D016403,79,PIK3R1,0.0004228474147068052
D016403,80,GSK3B,0.00042077964620236547
D016403,81,KIT,0.00041941418671467053
D016403,82,NOTCH1,0.00041886655397978446
D016403,83,IL7,0.0004168342428286433
D016403,84,IL1A,0.00041619956791975665
D016403,85,FASLG,0.0004159324040093496
D016403,86,TRAV9-2,0.0004138258888990773
D016403,87,MAP2K7,0.0004107604921759424
D016403,88,FCGR3A,0.00040964547877828745
D016403,89,MYB,0.0004094113537188621
D016403,90,BRCA1,0.00040938089916992183
D016403,91,CDKN1A,0.0004059965722577368
D016403,92,SNAI1,0.00040591981051488885
D016403,93,PGR,0.0004042936991149771
D016403,94,ETV6,0.00040404565378242377
D016403,95,TNFSF13B,0.0004030589638113308
D016403,96,H3P16,0.00040050075266840035
D016403,97,PRL,0.0004000541857418461
D016403,98,CXCR4,0.00039977851498467485
D016403,99,TARDBP,0.00039776844863933657
D016403,100,STAT5A,0.00039722898782615184
D004938,1,TP53,0.001529342504047078
D004938,2,AKT1,0.0014490580056756804
D004938,3,CTNNB1,0.0011621604629063382
D004938,4,EGFR,0.001121454305071092
D004938,5,MYC,0.00107097991140768
D004938,6,TGFB1,0.0010259127023783065
D004938,7,NFKB1,0.0010122396288619782
D004938,8,MAPK1,0.0009457607294311214
D004938,9,CDH1,0.0009045669640544441
D004938,10,STAT3,0.0008762054326774584
D004938,11,ERBB2,0.0008723945086966788
D004938,12,TNF,0.000860251503158282
D004938,13,ESR1,0.0008323551551387952
D004938,14,MTOR,0.0008073743835160373
D004938,15,CD8A,0.0007955195968815117
D004938,16,VEGFA,0.0007787771172309183
D004938,17,KRAS,0.000774928844886046
D004938,18,CCND1,0.0007616123786749761
D004938,19,CD4,0.0007579365864556619
D004938,20,BCL2,0.0007487817853652207
D004938,21,PTEN,0.0007315074879996277
D004938,22,EGF,0.0007282790331221431
D004938,23,HIF1A,0.0007178513527522091
D004938,24,MMP9,0.0007090387173888611
D004938,25,VIM,0.0007082071147300925
D004938,26,CD274,0.0006921329928630142
D004938,27,SNAI1,0.0006774855571045371
D004938,28,BRAF,0.0006737902335150986
D004938,29,IL6,0.0006734775494393692
D004938,30,ALK,0.0006720870815392422
D004938,31,MAPK3,0.0006696644071869994
D004938,32,MMP2,0.000654333275240635
D004938,33,YAP1,0.0006526438479899232
D004938,34,EZH2,0.000646541764686057
D004938,35,IFNG,0.0006456883629415866
D004938,36,CASP3,0.0006448041148717059
D004938,37,MAPK8,0.0006097813174537438
D004938,38,TENM1,0.0006076761577030171
D004938,39,CDH2,0.0005987808825661117
D004938,40,BAX,0.0005970940623760532
D004938,41,MAPK14,0.0005868299302618057
D004938,42,H3P16,0.0005738408183539495
D004938,43,ZEB1,0.0005659231218375955
D004938,44,EREG,0.0005635992066158859
D004938,45,AFP,0.0005634627870293402
D004938,46,CD44,0.0005572440894572985
D004938,47,GSK3B,0.0005558518443426905
D004938,48,TWIST1,0.0005476982086898578
D004938,49,CDKN1A,0.000545140411482789
D004938,50,BRCA1,0.0005417802011522508
D004938,51,PTK2,0.0005416611756529727
D004938,52,PROM1,0.0005347551689134794
D004938,53,RET,0.0005332505325554696
D004938,54,RELA,0.0005317674007886172
D004938,55,AR,0.0005308806259159291
D004938,56,MAP2K7,0.0005303331759754549
D004938,57,SRC,0.0005294073279223704
D004938,58,NFE2L2,0.0005281399702155799
D004938,59,SOX2,0.0005252357078236549
D004938,60,CDKN2A,0.000524022446163793
D004938,61,RB1,0.0005228559861332515
D004938,62,NOTCH1,0.000506265507660352
D004938,63,JUN,0.0005040580485512442
D004938,64,IL1B,0.0005026543720499959
D004938,65,RHOA,0.0004920360823602844
D004938,66,CXCL8,0.0004919664228519568
D004938,67,PDCD1,0.0004907781784442489
D004938,68,POU5F1,0.00048785464369183185
D004938,69,PIK3R1,0.0004778856611391256
D004938,70,SNAI2,0.0004730071865224918
D004938,71,FN1,0.00047013439878007866
D004938,72,E2F1,0.0004678503798492095
D004938,73,PGR,0.0004673129602415288
D004938,74,PCNA,0.0004670140133987273
D004938,75,PTGS2,0.0004591126310286893
D004938,76,FOXM1,0.00045898411383121025
D004938,77,MIR21,0.00045890765222045195
D004938,78,PARP1,0.00045796969801288926
D004938,79,CDK4,0.00045630943607824357
D004938,80,MDM2,0.00044611207172130254
D004938,81,RAC1,0.0004425433843671953
D004938,82,MYCN,0.0004415026916944077
D004938,83,TNFSF10,0.00043991161584433047
D004938,84,DCTN6,0.00043388180547771003
D004938,85,SMAD3,0.0004295639822467839
D004938,86,CDK6,0.00042869852332795555
D004938,87,SMAD4,0.0004259247823162011
D004938,88,NF1,0.00042248162764730164
D004938,89,PTGDR,0.00042215003141800675
D004938,90,INS,0.0004216401643619829
D004938,91,CDK2,0.0004203933224153268
D004938,92,IL17A,0.000419413837483137
D004938,93,APC,0.0004157890887329172
D004938,94,NANOG,0.0004129465013425963
D004938,95,IGF1,0.00041198767002372953
D004938,96,EWSR1,0.00041157658619677713
D004938,97,JAK2,0.0004110416074545687
D004938,98,DNMT1,0.00040941185811717485
D004938,99,GLI1,0.00040448242748460404
D004938,100,SLTM,0.0004038727428828635
D015470,1,AKT1,0.001148614114035382
D015470,2,TNF,0.0011369845528920912
D015470,3,TP53,0.001118317730880501
D015470,4,NFKB1,0.0011108067417021975
D015470,5,MYC,0.0010259465896074907
D015470,6,CD4,0.0009761259609859062
D015470,7,TGFB1,0.0009509741783719696
D015470,8,CTNNB1,0.0009496280620092521
D015470,9,IL6,0.0009492694908603775
D015470,10,IFNG,0.0009480626032434616
D015470,11,STAT3,0.000922781124098488
D015470,12,MAPK1,0.0008984023755351567
D015470,13,CD8A,0.0008462567672028549
D015470,14,IL1B,0.0008217625705968277
D015470,15,CD34,0.000814661726009354
D015470,16,EGFR,0.0007834525173320031
D015470,17,BCL2,0.0007675606569817136
D015470,18,IL4,0.0007395769797167138
D015470,19,MTOR,0.0007381874643546321
D015470,20,ABL1,0.0007269523188054223
D015470,21,CSF2,0.0007138178145015185
D015470,22,RUNX1,0.0007069085821540953
D015470,23,IL10,0.0007038369094275141
D015470,24,HIF1A,0.000689901141179014
D015470,25,IL2,0.0006779942891135713
D015470,26,MAPK3,0.0006746381096276946
D015470,27,ERBB2,0.0006666108843784635
D015470,28,MAPK14,0.0006648732479639645
D015470,29,KMT2A,0.0006647615953669816
D015470,30,BCR,0.0006643289613380971
D015470,31,VEGFA,0.0006594220231237674
D015470,32,MAPK8,0.0006524705912569926
D015470,33,CASP3,0.0006328957971296731
D015470,34,CXCL8,0.0006167754417568526
D015470,35,ESR1,0.0006142019911675523
D015470,36,IL17A,0.0006041222079865692
D015470,37,TLR4,0.0005983579526712741
D015470,38,KIT,0.0005886738750485441
D015470,39,CCND1,0.0005790967627846055
D015470,40,IL3,0.000576726678220192
D015470,41,CSF3,0.0005735825779927268
D015470,42,EZH2,0.0005661632014837576
D015470,43,IL1A,0.000561352950374954
D015470,44,STAT5A,0.0005586635599234953
D015470,45,PTPRC,0.0005564848016465451
D015470,46,MMP9,0.0005530206186977879
D015470,47,RELA,0.0005488640511985769
D015470,48,ALK,0.0005454424772652124
D015470,49,IFNA1,0.0005454163643094647
D015470,50,CDH1,0.0005448472115328448
D015470,51,AHR,0.0005329819895567635
D015470,52,CD40,0.0005327795919093982
D015470,53,TRBV20OR9-2,0.0005326151582026134
D015470,54,ITGAM,0.0005322294304703327
D015470,55,PIK3R1,0.0005299126335012052
D015470,56,JUN,0.00052988422764829
D015470,57,IL13,0.0005298734691342754
D015470,58,FLT3,0.0005291314965376376
D015470,59,JAK2,0.0005282795785729239
D015470,60,CCL2,0.0005264658447808364
D015470,61,CDKN1A,0.0005211230418812635
D015470,62,CXCL12,0.0005209089633103806
D015470,63,SRC,0.0005178753017469295
D015470,64,KITLG,0.0005169927578932802
D015470,65,CSF1,0.0005111446378083224
D015470,66,TNFSF11,0.0005098015153429138
D015470,67,EPO,0.0005084490600245615
D015470,68,EGF,0.0005061428137346951
D015470,69,CD19,0.0005045997012249329
D015470,70,CD274,0.0005038431330171244
D015470,71,BAX,0.0005031459007578733
D015470,72,NFE2L2,0.0005023376029776615
D015470,73,NOTCH1,0.0005019824783040106
D015470,74,POU5F1,0.0005015808584225019
D015470,75,MYCN,0.0004971610059823356
D015470,76,CD44,0.0004953889425290359
D015470,77,CXCR4,0.0004941773619629859
D015470,78,STAT1,0.0004922186140068279
D015470,79,RUNX2,0.0004865350973350247
D015470,80,IL12B,0.0004822653475704734
D015470,81,FGF2,0.00048119186826088724
D015470,82,CD14,0.00048063084959304225
D015470,83,FOS,0.000479490923693937
D015470,84,SPI1,0.00047583014574387194
D015470,85,IL5,0.00047489853853170254
D015470,86,SYK,0.000473741447066571
D015470,87,TLR2,0.00047123136784515523
D015470,88,IGHE,0.00047096487888391333
D015470,89,FN1,0.00046922488959999465
D015470,90,PPARG,0.0004612655682516918
D015470,91,INS,0.0004603913399588921
D015470,92,PTK2,0.00045987262297088804
D015470,93,GSK3B,0.0004571691600435332
D015470,94,MAP2K7,0.00045391485134990694
D015470,95,SHH,0.0004538017629363102
D015470,96,ICAM1,0.00045377362145906605
D015470,97,LEP,0.0004512609656485013
D015470,98,LIF,0.0004509350080286113
D015470,99,SNAI1,0.00045030343156138606
D015470,100,MYB,0.0004498618226279698
D005910,1,TP53,0.0012164255217038972
D005910,2,AKT1,0.0011854286152015335
D005910,3,TGFB1,0.0010606022032438084
D005910,4,CTNNB1,0.0010226686306205554
D005910,5,MYC,0.0010166562780823181
D005910,6,NFKB1,0.0009448979274139318
D005910,7,EGFR,0.0009341299583395404
D005910,8,MAPK1,0.0009135735263140932
D005910,9,APP,0.0008666717316799012
D005910,10,TNF,0.0008582651851825139
D005910,11,STAT3,0.0008458409677923637
D005910,12,VEGFA,0.0008164035198873914
D005910,13,MTOR,0.0007606280619049519
D005910,14,HIF1A,0.0007435648038460675
D005910,15,IL6,0.0007410027963165079
D005910,16,CD4,0.0007155019409730732
D005910,17,IFNG,0.0007111081731292608
D005910,18,MAPK3,0.0007070273679038726
D005910,19,CD8A,0.0006729115572522025
D005910,20,IL1B,0.0006719632208460335
D005910,21,CDH1,0.000670742218286212
D005910,22,MMP9,0.0006673912254720228
D005910,23,KRAS,0.0006632115804555119
D005910,24,ERBB2,0.0006605794298313638
D005910,25,CCND1,0.0006517336264203142
D005910,26,CASP3,0.0006495268642232437
D005910,27,BCL2,0.000648862035272546
D005910,28,EGF,0.0006421754278145488
D005910,29,GFAP,0.0006308412358564216
D005910,30,MAPK8,0.0006278478977075001
D005910,31,VIM,0.0006268623884116318
D005910,32,ALK,0.0006233918495722425
D005910,33,PROM1,0.0006178297510517073
D005910,34,BDNF,0.0006063838872507906
D005910,35,IDH1,0.0005981117206978102
D005910,36,MAPK14,0.0005909532485577666
D005910,37,SHH,0.0005895597094897233
D005910,38,PTEN,0.0005893273697756133
D005910,39,SNAI1,0.0005837040197211775
D005910,40,MMP2,0.0005742757540454245
D005910,41,FGF2,0.0005677716005496698
D005910,42,YAP1,0.000564329087982643
D005910,43,MAPT,0.0005573673073625501
D005910,44,NGF,0.0005506795659310594
D005910,45,GSK3B,0.0005446148420632899
D005910,46,SOX2,0.0005436571875267857
D005910,47,BRAF,0.0005410743429059054
D005910,48,ESR1,0.0005410714153552285
D005910,49,EZH2,0.0005395283209333679
D005910,50,CD44,0.0005343982328547477
D005910,51,JUN,0.0005136846617992787
D005910,52,INS,0.0005100877838679273
D005910,53,MAP2K7,0.0005094683665555427
D005910,54,SRC,0.000507935662877534
D005910,55,IGF1,0.00050051183632986
D005910,56,CREB1,0.0004984076694448937
D005910,57,HGF,0.0004972622801131187
D005910,58,BAX,0.0004960447756992847
D005910,59,RHOA,0.0004944016860629062
D005910,60,MYCN,0.0004913084585242107
D005910,61,PTK2,0.0004863489791714982
D005910,62,RET,0.0004855308331871572
D005910,63,CD274,0.00048507289151384
D005910,64,PIK3R1,0.00047960100136464604
D005910,65,CDKN1A,0.0004776960072433033
D005910,66,CDH2,0.00047733409361498566
D005910,67,RAC1,0.00047527998175795575
D005910,68,NOTCH1,0.00047153984476107266
D005910,69,POU5F1,0.0004701971497377655
D005910,70,NFE2L2,0.0004690731167337321
D005910,71,CD34,0.0004645039934146755
D005910,72,FN1,0.0004594952279090348
D005910,73,ZEB1,0.00045698301345451013
D005910,74,GLI1,0.00045506551396749025
D005910,75,FOS,0.00045482195465039335
D005910,76,AR,0.0004529043069795119
D005910,77,CCL2,0.00045146580423373025
D005910,78,GDNF,0.0004505094992153193
D005910,79,SNCA,0.0004477497701324782
D005910,80,RELA,0.00044574385757256035
D005910,81,H3P16,0.00044503321694590526
D005910,82,CSF2,0.0004428123090024247
D005910,83,AFP,0.00044281078818776443
D005910,84,TWIST1,0.00043920614366226257
D005910,85,IL10,0.0004371339897737691
D005910,86,SMAD3,0.00043482389349964854
D005910,87,CXCL8,0.0004307650636053189
D005910,88,RB1,0.00042666870951614484
D005910,89,IL17A,0.0004198360080807245
D005910,90,KDR,0.0004162631574159523
D005910,91,MBP,0.0004140452523715566
D005910,92,NTRK2,0.0004137514460886974
D005910,93,E2F1,0.0004097334219521357
D005910,94,PTGS2,0.0004070319578186534
D005910,95,CDC42,0.000406319126851763
D005910,96,PPARG,0.0004053655210859437
D005910,97,NTRK1,0.00040464163145893773
D005910,98,NANOG,0.0004030952733289315
D005910,99,IL4,0.000401211528819101
D005910,100,SNAI2,0.000398191361858429
D000077192,1,TP53,0.0015550269366859462
D000077192,2,AKT1,0.0013729295992214766
D000077192,3,TGFB1,0.0011162288106716823
D000077192,4,EGFR,0.0010974115975372978
D000077192,5,CTNNB1,0.001092591346357954
D000077192,6,MAPK1,0.000978290327297206
D000077192,7,MYC,0.0009690320228109767
D000077192,8,NFKB1,0.0009626554323422919
D000077192,9,ERBB2,0.0009292665954525484
D000077192,10,ESR1,0.0008745466119369662
D000077192,11,STAT3,0.0008669995461894081
D000077192,12,CDH1,0.0008631541845974003
D000077192,13,KRAS,0.0008436716016360044
D000077192,14,TNF,0.0008249106205603915
D000077192,15,MTOR,0.0008235186104554194
D000077192,16,CD8A,0.0008022903331860446
D000077192,17,CD4,0.0007607147343387511
D000077192,18,HIF1A,0.0007528165663481133
D000077192,19,IL6,0.0007307379881569272
D000077192,20,AR,0.0007281527326760332
D000077192,21,VEGFA,0.0007228293038678059
D000077192,22,CD274,0.000720193970712126
D000077192,23,CCND1,0.0007182313498205492
D000077192,24,EGF,0.0007032297580118662
D000077192,25,MAPK3,0.0006937124419366175
D000077192,26,BCL2,0.0006875647841115293
D000077192,27,PTEN,0.0006709936662321836
D000077192,28,IFNG,0.000664211731717228
D000077192,29,MMP9,0.0006604138006748321
D000077192,30,SNAI1,0.0006565834284845384
D000077192,31,VIM,0.000655439007010569
D000077192,32,BRCA1,0.000648848014460212
D000077192,33,MAPK8,0.0006356162214404752
D000077192,34,BRAF,0.0006326949590843627
D000077192,35,CASP3,0.0006299525630777688
D000077192,36,YAP1,0.0006181193498887382
D000077192,37,ALK,0.0006115769848146501
D000077192,38,IL1B,0.000602875037091892
D000077192,39,MMP2,0.0005985353318461517
D000077192,40,APP,0.0005948832626577356
D000077192,41,EREG,0.0005866381965842638
D000077192,42,CD44,0.0005780311052607189
D000077192,43,CDKN1A,0.0005747533086152395
D000077192,44,MAPK14,0.0005743568821724948
D000077192,45,NFE2L2,0.0005712344602688545
D000077192,46,EZH2,0.0005599427538080373
D000077192,47,MAP2K7,0.0005586897408817492
D000077192,48,CDH2,0.0005485971721904448
D000077192,49,SRC,0.0005460122376251886
D000077192,50,H3P16,0.0005432430314741908
D000077192,51,ZEB1,0.0005383268753256017
D000077192,52,BAX,0.0005360755954287484
D000077192,53,PTK2,0.0005302359631255558
D000077192,54,CDKN2A,0.0005283099965689886
D000077192,55,GSK3B,0.0005264427334536973
D000077192,56,JUN,0.0005253019150106286
D000077192,57,INS,0.0005238530190261701
D000077192,58,SOX2,0.0005221356396957284
D000077192,59,CXCL8,0.0005130572366384216
D000077192,60,PGR,0.0005068739513347916
D000077192,61,PDCD1,0.000505209023888622
D000077192,62,FN1,0.0005016934243435412
D000077192,63,TENM1,0.0005004570952827044
D000077192,64,RELA,0.0004959246822854927
D000077192,65,PROM1,0.00049184133967931
D000077192,66,NOTCH1,0.0004907856561806056
D000077192,67,RET,0.0004864630624524222
D000077192,68,MDM2,0.00048409280608346456
D000077192,69,TWIST1,0.00047946341321362154
D000077192,70,SMAD3,0.0004771038448798916
D000077192,71,PARP1,0.0004769023603658853
D000077192,72,PIK3R1,0.000475686508210188
D000077192,73,PPARG,0.00047566142998723115
D000077192,74,RB1,0.00047462299677817704
D000077192,75,SNAI2,0.0004729032764299255
D000077192,76,RAC1,0.0004611895727347671
D000077192,77,RHOA,0.0004557559077141089
D000077192,78,E2F1,0.0004551677394008638
D000077192,79,EP300,0.00044630306388604386
D000077192,80,ATM,0.0004448048387168786
D000077192,81,FOXM1,0.00044041041805279385
D000077192,82,IL17A,0.00043999198768606047
D000077192,83,SMAD4,0.00043964324189089656
D000077192,84,SIRT1,0.00043596274920830154
D000077192,85,PIK3CA,0.00043378719950746327
D000077192,86,SHH,0.0004321864446856298
D000077192,87,IGF1,0.000429305309600612
D000077192,88,POU5F1,0.00042720116655229126
D000077192,89,SLTM,0.00042607501360313066
D000077192,90,HGF,0.00042604369985461054
D000077192,91,MIR21,0.0004213388926358902
D000077192,92,CDK4,0.0004198663638535108
D000077192,93,DCTN6,0.0004169883454931674
D000077192,94,KMT2A,0.00041569546538216363
D000077192,95,MYCN,0.00041521597645563773
D000077192,96,IDH1,0.00041463147154100795
D000077192,97,NANOG,0.0004136477769418611
D000077192,98,AFP,0.0004133256829130092
D000077192,99,IL10,0.0004116232179727286
D000077192,100,ITGB1,0.0004085157493755576
D008175,1,TP53,0.0016801961295352106
D008175,2,AKT1,0.0014717042794246042
D008175,3,EGFR,0.001100188566154326
D008175,4,CTNNB1,0.0010864326488366665
D008175,5,MYC,0.0010763365297275132
D008175,6,TGFB1,0.0010314139127846399
D008175,7,NFKB1,0.0009861334105420144
D008175,8,MAPK1,0.000936666398994431
D008175,9,MTOR,0.000880096503334442
D008175,10,STAT3,0.0008746992618496093
D008175,11,CD8A,0.0008575970136859514
D008175,12,TNF,0.0008530606893901997
D008175,13,ERBB2,0.0008443353360051727
D008175,14,KRAS,0.0008420632636576803
D008175,15,CDH1,0.0008304531067298825
D008175,16,CD274,0.0008065168324029558
D008175,17,CD4,0.0007989909061339944
D008175,18,HIF1A,0.0007963710586884658
D008175,19,IL6,0.0007564137486758321
D008175,20,PTEN,0.0007545704307214538
D008175,21,VEGFA,0.0007444910967656027
D008175,22,CCND1,0.0007442193083066908
D008175,23,ALK,0.0007374411730935326
D008175,24,BCL2,0.0007211238427876512
D008175,25,YAP1,0.0007030048073026398
D008175,26,IFNG,0.0006992796466213493
D008175,27,MMP9,0.0006927021989543373
D008175,28,ESR1,0.0006879361487652865
D008175,29,CASP3,0.00067136412344174
D008175,30,VIM,0.0006682058362609373
D008175,31,MAPK3,0.0006622479457292778
D008175,32,BRAF,0.0006419209663021902
D008175,33,MMP2,0.0006402863238392627
D008175,34,SNAI1,0.0006321589164549864
D008175,35,PDCD1,0.0006305852727780369
D008175,36,EGF,0.0006208834585414283
D008175,37,MAPK8,0.0006164044135990523
D008175,38,NFE2L2,0.0006091432946244001
D008175,39,MAPK14,0.0006040553916498117
D008175,40,EZH2,0.0005929601186863728
D008175,41,AR,0.0005876202287716152
D008175,42,BAX,0.000584445826247456
D008175,43,IL1B,0.0005645612498090269
D008175,44,H3P16,0.0005637666891544547
D008175,45,CDH2,0.0005584622805919117
D008175,46,GSK3B,0.0005562183548937005
D008175,47,SRC,0.0005540248412559278
D008175,48,CDKN1A,0.0005491302398690454
D008175,49,TENM1,0.0005474530857937907
D008175,50,BRCA1,0.0005463260420204353
D008175,51,CD44,0.0005451226104839707
D008175,52,PTK2,0.0005349392809974898
D008175,53,MAP2K7,0.0005235036487372596
D008175,54,RB1,0.0005154818510681581
D008175,55,PROM1,0.000511642596682019
D008175,56,EREG,0.0005105455840825445
D008175,57,RELA,0.0005084170157471928
D008175,58,SOX2,0.000506306227927648
D008175,59,NOTCH1,0.0004989880157010907
D008175,60,JUN,0.0004976961543152551
D008175,61,ZEB1,0.0004924169054096178
D008175,62,CXCL8,0.00048676410697832777
D008175,63,CDKN2A,0.00048522737657851893
D008175,64,TWIST1,0.00048512543710636026
D008175,65,FOXM1,0.00048328351452624175
D008175,66,RHOA,0.00048118320632501116
D008175,67,IL10,0.0004737157633077796
D008175,68,FN1,0.0004710782577978985
D008175,69,KMT2A,0.0004695899103901451
D008175,70,PIK3R1,0.00046842797920371886
D008175,71,RET,0.0004634248367488139
D008175,72,PARP1,0.00046214551868610027
D008175,73,AFP,0.00045989936479963727
D008175,74,CDK4,0.00045793828720460463
D008175,75,MYCN,0.0004578257460196625
D008175,76,SNAI2,0.0004577114535090257
D008175,77,IL2,0.00045445255241793533
D008175,78,MDM2,0.0004514130460302136
D008175,79,POU5F1,0.0004513537449135862
D008175,80,PCNA,0.000450060596653985
D008175,81,RAC1,0.0004489494096533072
D008175,82,JAK2,0.0004476319244089255
D008175,83,SMAD3,0.0004474267390628639
D008175,84,MIR21,0.0004451355233691685
D008175,85,E2F1,0.0004367756465256918
D008175,86,TNFSF10,0.00043114390203056454
D008175,87,CDK1,0.00042818738955717115
D008175,88,IGF1,0.00042763869810481564
D008175,89,ABL1,0.000425778168278228
D008175,90,SLTM,0.00042521095518842394
D008175,91,DCTN6,0.00042259027967495635
D008175,92,STK11,0.00041841745845517186
D008175,93,PPARG,0.0004180670018547076
D008175,94,ATM,0.00041597544571267994
D008175,95,PTGS2,0.0004155112066457681
D008175,96,CDK6,0.00041526552737763527
D008175,97,SNCA,0.0004131156061686377
D008175,98,INS,0.0004126032460324986
D008175,99,TLR4,0.0004120852053782424
D008175,100,IL17A,0.0004104815373296495
D010051,1,TP53,0.0014030114768890324
D010051,2,AKT1,0.001363758472490919
D010051,3,CTNNB1,0.0011194145293466331
D010051,4,TGFB1,0.0009729617522744588
D010051,5,MYC,0.0009725375085844936
D010051,6,ERBB2,0.000936264663011601
D010051,7,ESR1,0.0009343533537254031
D010051,8,EGFR,0.0009180548567489753
D010051,9,MAPK1,0.0008816749484380151
D010051,10,MTOR,0.0008602274888851346
D010051,11,NFKB1,0.0008434876497564231
D010051,12,CDH1,0.0008239271143670395
D010051,13,CD8A,0.0008085202338052708
D010051,14,VEGFA,0.0008052163176376861
D010051,15,STAT3,0.0007935008985486902
D010051,16,TNF,0.0007850137964609205
D010051,17,AR,0.0007816973791072144
D010051,18,HIF1A,0.00078007642408362
D010051,19,CD4,0.0007214424194536315
D010051,20,BCL2,0.0007205007898311356
D010051,21,INS,0.0007112312338390034
D010051,22,CCND1,0.000701385010374224
D010051,23,PTEN,0.0006872795059882597
D010051,24,IL6,0.0006669087762765588
D010051,25,BRCA1,0.0006649075401859168
D010051,26,MAPK3,0.0006461391303250769
D010051,27,CASP3,0.0006439132192877199
D010051,28,EREG,0.0006437589985627598
D010051,29,MMP9,0.0006392374947757954
D010051,30,VIM,0.0006224521332733741
D010051,31,YAP1,0.0006177772737721822
D010051,32,KRAS,0.000612430712883973
D010051,33,EGF,0.0006059309324769253
D010051,34,IFNG,0.0005988157258373538
D010051,35,PGR,0.000592773214199033
D010051,36,SNAI1,0.0005841977927221056
D010051,37,MMP2,0.0005762819523167639
D010051,38,MAPK8,0.0005650152411987944
D010051,39,POU5F1,0.0005632422413997867
D010051,40,CD274,0.0005625198527007769
D010051,41,BAX,0.0005613916354463366
D010051,42,SOX2,0.0005517497962091564
D010051,43,CD44,0.0005499473891563912
D010051,44,EZH2,0.0005497631951410689
D010051,45,MAPK14,0.0005385856764597272
D010051,46,NFE2L2,0.0005350137870084041
D010051,47,ALK,0.0005302045278134741
D010051,48,CDH2,0.0005299815244981147
D010051,49,PROM1,0.0005282638766056487
D010051,50,CDKN1A,0.0005166936697033272
D010051,51,BRAF,0.0005162357310493371
D010051,52,IL1B,0.0005154435908936351
D010051,53,GSK3B,0.0005141064024509862
D010051,54,ESR2,0.0005140180595859475
D010051,55,SRC,0.0005072731646421633
D010051,56,PTK2,0.0005066760308414607
D010051,57,H3P16,0.0004968642777216891
D010051,58,LEP,0.0004954557465721031
D010051,59,IGF1,0.0004951088048860227
D010051,60,RB1,0.0004889051200751447
D010051,61,ZEB1,0.00048082473438285415
D010051,62,JUN,0.00047723105972392134
D010051,63,CDKN2A,0.00047435856695071584
D010051,64,MAP2K7,0.0004673217247174421
D010051,65,TWIST1,0.000465794857491019
D010051,66,RET,0.00046447227258087975
D010051,67,TENM1,0.0004613011767866324
D010051,68,AFP,0.00045949132467029046
D010051,69,NANOG,0.000458262638416258
D010051,70,FOXM1,0.00045226800710885715
D010051,71,PDCD1,0.0004509051728257979
D010051,72,PIK3R1,0.00045013166519647645
D010051,73,FN1,0.0004495250490670787
D010051,74,FGF2,0.0004488466449812895
D010051,75,PPARG,0.0004478537047520493
D010051,76,CYP19A1,0.0004471720434804147
D010051,77,PARP1,0.000445999997324037
D010051,78,GNRH1,0.00044319087484216767
D010051,79,NOTCH1,0.0004385657858836326
D010051,80,MYCN,0.0004381006224392123
D010051,81,RELA,0.00043663837765526697
D010051,82,CXCL8,0.00043609582290468494
D010051,83,SNAI2,0.00043585718823869134
D010051,84,PCNA,0.0004294191314706547
D010051,85,CD34,0.0004281472648035841
D010051,86,SMAD3,0.0004251232011154639
D010051,87,PTGS2,0.00042401228336411633
D010051,88,RHOA,0.00042142692013246233
D010051,89,HGF,0.0004200305135964925
D010051,90,MDM2,0.0004185722304172887
D010051,91,FOXO3,0.00041460856856076765
D010051,92,IGF1R,0.00040815180481808326
D010051,93,PRL,0.00040708613222979403
D010051,94,SHH,0.0004058338916371743
D010051,95,E2F1,0.00040560406610447595
D010051,96,CDK4,0.0004048733566025503
D010051,97,BRCA2,0.00040352915953478346
D010051,98,CDK1,0.0004032392070891528
D010051,99,DCTN6,0.0003987152028008077
D010051,100,CDK2,0.0003984046923592096
D010235,1,AKT1,0.0011265715834126628
D010235,2,TP53,0.001047796572389777
D010235,3,CTNNB1,0.001004022311637864
D010235,4,EGFR,0.0008825983328758929
D010235,5,MAPK1,0.0008167233191175
D010235,6,TGFB1,0.000803951378001654
D010235,7,MYC,0.0007402686574139106
D010235,8,NFKB1,0.0007378918261253317
D010235,9,MTOR,0.0007098465171295825
D010235,10,CDH1,0.0006633347295348423
D010235,11,AR,0.0006504544590979966
D010235,12,ERBB2,0.0006428480717176965
D010235,13,VEGFA,0.000625487097634924
D010235,14,STAT3,0.000625021971682487
D010235,15,TNF,0.0006126463081348734
D010235,16,CD8A,0.0006115606150882669
D010235,17,BRAF,0.0006063592982278642
D010235,18,PTEN,0.0005948712060636332
D010235,19,MAPK3,0.0005937135809406172
D010235,20,APP,0.0005888847529205146
D010235,21,NGF,0.0005831356009096752
D010235,22,CD4,0.0005817938282236015
D010235,23,INS,0.0005793779514198262
D010235,24,KRAS,0.0005730623820622283
D010235,25,CCND1,0.0005729567406407969
D010235,26,HIF1A,0.0005711768890592595
D010235,27,BCL2,0.0005661947651762925
D010235,28,MMP9,0.0005563619283210171
D010235,29,ESR1,0.0005563163536582117
D010235,30,RET,0.0005484961553199961
D010235,31,IL6,0.0005418911260981057
D010235,32,CASP3,0.0005398578207219262
D010235,33,PROM1,0.0005390478419738039
D010235,34,VIM,0.000535530856208902
D010235,35,YAP1,0.0005315978679509272
D010235,36,ALK,0.0005241122559936375
D010235,37,EGF,0.0005135277595039434
D010235,38,POMC,0.0005105136455037294
D010235,39,IFNG,0.0005104794095699045
D010235,40,MMP2,0.0005078870941545826
D010235,41,MYCN,0.0004920489765702712
D010235,42,MAPK8,0.0004887287865255282
D010235,43,SOX2,0.00048685250037366575
D010235,44,GNRH1,0.0004835573556289497
D010235,45,CD44,0.0004795536102332317
D010235,46,EZH2,0.00047586818790233324
D010235,47,FOS,0.00046929911481639636
D010235,48,SHH,0.00046741406010851407
D010235,49,CDH2,0.00046363134794091696
D010235,50,GSK3B,0.0004635759895087348
D010235,51,SNAI1,0.00046320279215902047
D010235,52,NF1,0.00046250561514791074
D010235,53,JUN,0.0004427878665178702
D010235,54,TH,0.00043942516741584243
D010235,55,SRC,0.0004386221117942824
D010235,56,NPY,0.0004381259686620138
D010235,57,MAPK14,0.00043790759122707204
D010235,58,MAP2K7,0.00043353872498042034
D010235,59,CD274,0.0004334991319949093
D010235,60,TWIST1,0.0004311547214039063
D010235,61,PRL,0.0004298323401761246
D010235,62,NTRK1,0.00042980433533343284
D010235,63,SST,0.0004286118537804103
D010235,64,IL1B,0.0004282550265929885
D010235,65,SNCA,0.0004267394168174923
D010235,66,AGT,0.0004259058068963787
D010235,67,BAX,0.0004205702052871169
D010235,68,CALCA,0.0004094581309428334
D010235,69,RAC1,0.0004093105308834841
D010235,70,POU5F1,0.00040832738757269735
D010235,71,H3P16,0.0004079944005283855
D010235,72,GFAP,0.00040733013251875234
D010235,73,NOTCH1,0.00040722999688941244
D010235,74,RB1,0.0004051427131418659
D010235,75,LEP,0.0004010666229973915
D010235,76,BRCA1,0.00040074915890806286
D010235,77,RHOA,0.0003994122876639032
D010235,78,IDH1,0.0003983497282749413
D010235,79,CREB1,0.0003963446044076068
D010235,80,GCG,0.00039249390098177687
D010235,81,IGF1,0.0003874332179177234
D010235,82,BDNF,0.000387294592540754
D010235,83,FGF2,0.00038646219219773203
D010235,84,PRRT2,0.00038295401446375264
D010235,85,PIK3R1,0.0003815258283490847
D010235,86,PTK2,0.0003798770190155299
D010235,87,EREG,0.0003758484595276826
D010235,88,ZEB1,0.0003740193005920759
D010235,89,CDKN1A,0.0003739547374396995
D010235,90,RELA,0.0003718395082101432
D010235,91,TENM1,0.00037158930398862845
D010235,92,VHL,0.0003713582836161428
D010235,93,CAV1,0.0003691312368637998
D010235,94,KIT,0.000359117690697483
D010235,95,FN1,0.00035861364805976593
D010235,96,CDKN2A,0.00035851794412285643
D010235,97,AFP,0.0003584112695793103
D010235,98,CRH,0.0003583130954277141
D010235,99,NANOG,0.00035811409325626857
D010235,100,AVP,0.00035786664231277077
D011471,1,TP53,0.0015263776892848096
D011471,2,AKT1,0.001420739789415609
D011471,3,CTNNB1,0.001181216348841765
D011471,4,MYC,0.0010571439861898643
D011471,5,AR,0.001005530323302951
D011471,6,TGFB1,0.0009876268245263946
D011471,7,EGFR,0.0009849387817197797
D011471,8,NFKB1,0.0009684816683299352
D011471,9,MAPK1,0.0009662634424834053
D011471,10,ERBB2,0.000916336943123183
D011471,11,MTOR,0.0008695351104037758
D011471,12,STAT3,0.0008306544209207287
D011471,13,CDH1,0.000827087877763874
D011471,14,PTEN,0.0008157338234736347
D011471,15,KRAS,0.0008112024762391112
D011471,16,ESR1,0.0007858276800758214
D011471,17,VEGFA,0.0007782111820068636
D011471,18,HIF1A,0.0007737682588465975
D011471,19,CD8A,0.0007730834977031353
D011471,20,CCND1,0.0007701867757229389
D011471,21,TNF,0.0007619488779061099
D011471,22,BCL2,0.0007355910212982644
D011471,23,YAP1,0.0007343924663912382
D011471,24,MMP9,0.0007303326393310665
D011471,25,IL6,0.0007271603334242416
D011471,26,MAPK3,0.0007034485527724735
D011471,27,CD274,0.0006852056487218546
D011471,28,VIM,0.0006770114323709829
D011471,29,CD4,0.000670162896849115
D011471,30,CASP3,0.0006679871958009643
D011471,31,MMP2,0.0006538651953832465
D011471,32,EGF,0.0006528556198098783
D011471,33,SNAI1,0.0006460960559133692
D011471,34,BRAF,0.0006210188694456911
D011471,35,MAPK8,0.0006197978997274456
D011471,36,ALK,0.0006123952091461166
D011471,37,IFNG,0.0006004376006508372
D011471,38,PTK2,0.0005988300695856074
D011471,39,BAX,0.0005981871647182482
D011471,40,EZH2,0.0005931737200556519
D011471,41,CD44,0.0005892064148167143
D011471,42,MAPK14,0.0005880605511787094
D011471,43,CDKN1A,0.0005856864867680903
D011471,44,BRCA1,0.0005840688618308526
D011471,45,SRC,0.0005754521441762999
D011471,46,CDH2,0.0005725598025134605
D011471,47,H3P16,0.000569776063962485
D011471,48,GSK3B,0.0005655150462755926
D011471,49,EREG,0.0005569893816256208
D011471,50,PROM1,0.0005518062572425662
D011471,51,TENM1,0.0005506902925463368
D011471,52,CDKN2A,0.0005464673621418443
D011471,53,SNCA,0.0005413653857184068
D011471,54,RB1,0.0005369226637710871
D011471,55,PGR,0.0005279782816224126
D011471,56,MAP2K7,0.0005263801519444214
D011471,57,JUN,0.0005233825346586536
D011471,58,PARP1,0.0005198436002242343
D011471,59,TWIST1,0.000519707613076756
D011471,60,KLK3,0.0005177708891208308
D011471,61,IL1B,0.0005124656840047858
D011471,62,INS,0.0005092137899132828
D011471,63,RHOA,0.0005089747387066227
D011471,64,SOX2,0.0005069727067442736
D011471,65,ZEB1,0.0005056620121864901
D011471,66,NFE2L2,0.0005051076900810771
D011471,67,PIK3R1,0.0005011749701608901
D011471,68,RELA,0.0004950424598624226
D011471,69,RET,0.0004930380680920973
D011471,70,PDCD1,0.00048585337383959525
D011471,71,IGF1,0.000485075822653018
D011471,72,AFP,0.00047500759173583107
D011471,73,POU5F1,0.0004742452360790268
D011471,74,FN1,0.0004735472588396866
D011471,75,E2F1,0.0004666825615646516
D011471,76,PCNA,0.0004646771172871837
D011471,77,NOTCH1,0.0004634908871866782
D011471,78,SNAI2,0.00046059045739880604
D011471,79,CDKN1B,0.00045214692553264635
D011471,80,CDK4,0.00045025641697580887
D011471,81,CXCL8,0.0004493472029173225
D011471,82,DCTN6,0.0004488333913284389
D011471,83,FOXM1,0.0004483989762147258
D011471,84,MDM2,0.00044799378689267184
D011471,85,PTGS2,0.0004442500162709115
D011471,86,RAC1,0.0004421803960260718
D011471,87,SMAD3,0.00043990041852609276
D011471,88,PPARG,0.0004370544945907141
D011471,89,MYCN,0.00043649473877689236
D011471,90,SPP1,0.00043641424473649923
D011471,91,SHH,0.0004276412359860447
D011471,92,CDK2,0.0004264107114645271
D011471,93,GLI1,0.0004229085011745984
D011471,94,TNFSF10,0.00042222043213490664
D011471,95,SMAD4,0.0004220894692649784
D011471,96,APC,0.0004206362813604611
D011471,97,CREB1,0.00041884341579523723
D011471,98,FGF2,0.0004161129851602379
D011471,99,MIR21,0.00041421983654717367
D011471,100,ABL1,0.0004141866660316083
D012004,1,AKT1,0.0014784611466689228
D012004,2,TP53,0.0014558857550719645
D012004,3,CTNNB1,0.0013195405835510878
D012004,4,MYC,0.0011352216788168528
D012004,5,EGFR,0.0010811629992134922
D012004,6,NFKB1,0.0010071343402553812
D012004,7,MAPK1,0.0009803532795522648
D012004,8,TGFB1,0.0009784295667962183
D012004,9,KRAS,0.0009596513771231705
D012004,10,AR,0.0009377794027866641
D012004,11,CDH1,0.0009002572288861112
D012004,12,VEGFA,0.0008809813374271744
D012004,13,STAT3,0.000880347705286255
D012004,14,ERBB2,0.000878345642417195
D012004,15,MTOR,0.0008771724771717736
D012004,16,CD8A,0.0008763898887837649
D012004,17,TNF,0.0008735054358675489
D012004,18,HIF1A,0.0008125140476496257
D012004,19,CCND1,0.0007948162440245686
D012004,20,PTEN,0.000786801722502685
D012004,21,CD4,0.0007627074532813086
D012004,22,BRAF,0.0007498012414269406
D012004,23,MMP9,0.0007343200661539631
D012004,24,BCL2,0.0007175472770540798
D012004,25,VIM,0.0007120716338119609
D012004,26,SNAI1,0.0007108608614701995
D012004,27,IL6,0.0007080315798947286
D012004,28,CD274,0.0006967435656071235
D012004,29,MAPK3,0.0006938132493746966
D012004,30,YAP1,0.0006827145677607267
D012004,31,CASP3,0.000669337227632865
D012004,32,ESR1,0.0006690790465384379
D012004,33,ALK,0.0006660029067743697
D012004,34,MMP2,0.0006624114756818794
D012004,35,CD44,0.000647750555058083
D012004,36,IFNG,0.0006448228634865961
D012004,37,MAPK8,0.0006375808091353011
D012004,38,EGF,0.0006253625819497254
D012004,39,TENM1,0.0006234488338849421
D012004,40,GSK3B,0.0006212039379884121
D012004,41,CDH2,0.0006180384393743809
D012004,42,EZH2,0.0006060576057003079
D012004,43,PROM1,0.0005919017833981942
D012004,44,MAPK14,0.0005900534964519694
D012004,45,TWIST1,0.000588567538892471
D012004,46,BAX,0.0005844210809879752
D012004,47,RB1,0.0005769325755308537
D012004,48,PTK2,0.0005765668084118475
D012004,49,MAP2K7,0.00057544591353821
D012004,50,SOX2,0.0005718261423565103
D012004,51,H3P16,0.0005623679236957448
D012004,52,SRC,0.0005589922771315208
D012004,53,RET,0.0005561704469875262
D012004,54,CDKN1A,0.0005419109780569769
D012004,55,ZEB1,0.0005412083455712885
D012004,56,EREG,0.000536639432294896
D012004,57,CDKN2A,0.0005333098060014456
D012004,58,JUN,0.0005311637216014116
D012004,59,AFP,0.0005302710560694789
D012004,60,APC,0.0005295919162143491
D012004,61,BRCA1,0.0005294146425821627
D012004,62,TNFSF10,0.0005288255489842155
D012004,63,RELA,0.0005235564796242934
D012004,64,PDCD1,0.0005186860893171097
D012004,65,RHOA,0.0005071040123757895
D012004,66,POU5F1,0.0005018567841691921
D012004,67,SNAI2,0.0005010693599358067
D012004,68,IL1B,0.0004971510149289842
D012004,69,CXCL8,0.000493817266583881
D012004,70,MIR21,0.000488635408130227
D012004,71,RAC1,0.0004870043232534976
D012004,72,PGR,0.0004864573070650518
D012004,73,PARP1,0.0004842668313136362
D012004,74,NOTCH1,0.0004840446054957962
D012004,75,CDK4,0.00047544628809955975
D012004,76,SMAD4,0.00047094507909419697
D012004,77,DCTN6,0.00047039831194347096
D012004,78,PIK3R1,0.0004687433038922578
D012004,79,E2F1,0.00046700872776473973
D012004,80,KIT,0.00046661269648873185
D012004,81,PCNA,0.00046388951763687324
D012004,82,PTGS2,0.00046366087223051065
D012004,83,FN1,0.00046143982497347377
D012004,84,FOXM1,0.0004608791489480775
D012004,85,INS,0.0004596254746230086
D012004,86,MYCN,0.0004528003461495301
D012004,87,NANOG,0.0004510344514623716
D012004,88,SLTM,0.0004458297631603911
D012004,89,NF1,0.0004448249643794294
D012004,90,MDM2,0.00044366833530830427
D012004,91,HNF4A,0.0004435380172605602
D012004,92,NFE2L2,0.0004427171042387134
D012004,93,CDKN1B,0.00044233852814799823
D012004,94,IGF1,0.00043797998960391315
D012004,95,CXCR4,0.00043472750670480516
D012004,96,ITGB1,0.0004341776653810519
D012004,97,STK11,0.00043413117069042407
D012004,98,DNMT1,0.0004331016488442177
D012004,99,CDK6,0.00043078275135922917
D012004,100,IDH1,0.0004266844910894795
D012983,1,AKT1,0.0012430182177401278
D012983,2,TP53,0.001111355655815901
D012983,3,CTNNB1,0.0009656302620899382
D012983,4,TGFB1,0.0009288641441485446
D012983,5,NFKB1,0.0008274033635070924
D012983,6,MYC,0.0008224605080288966
D012983,7,MAPK1,0.0007913003495970683
D012983,8,TNF,0.0007653723846398382
D012983,9,CD4,0.0007399195400807424
D012983,10,EGFR,0.0007216394213320914
D012983,11,STAT3,0.0007187400087064768
D012983,12,CD8A,0.0007113296607668526
D012983,13,ALK,0.0007106707833505703
D012983,14,VEGFA,0.0006806035961455562
D012983,15,IL6,0.0006780172458889384
D012983,16,MTOR,0.0006588922752525183
D012983,17,IFNG,0.0006583915773801116
D012983,18,PTK2,0.0006064463863999815
D012983,19,SRC,0.000604469166591395
D012983,20,CDH1,0.0006034498036343287
D012983,21,HIF1A,0.0006031166322895509
D012983,22,MMP9,0.0005935527153331073
D012983,23,BRAF,0.0005886897432153778
D012983,24,ERBB2,0.0005755973933626087
D012983,25,FN1,0.0005691529230661568
D012983,26,MAPK3,0.0005644309941048814
D012983,27,IL1B,0.0005643513854712568
D012983,28,BCL2,0.000561208664088433
D012983,29,VIM,0.0005498840912542933
D012983,30,PTEN,0.0005377152570863415
D012983,31,CCND1,0.0005342876402400424
D012983,32,MMP2,0.0005307747991082017
D012983,33,CD274,0.0005258489511629286
D012983,34,CASP3,0.000524957904253055
D012983,35,CD44,0.000517454024326836
D012983,36,CD34,0.0005165376945799418
D012983,37,EGF,0.0005134614666215735
D012983,38,YAP1,0.000502791141926626
D012983,39,MAPK8,0.0005014026005450922
D012983,40,MYCN,0.0004995113396994086
D012983,41,IGF1,0.0004949530677453382
D012983,42,KRAS,0.0004895166995567238
D012983,43,FGF2,0.0004858329185587043
D012983,44,IL2,0.00048075731424870513
D012983,45,MAPK14,0.00048064972002080333
D012983,46,EWSR1,0.0004783971265690371
D012983,47,NF1,0.00047363424234722027
D012983,48,SOX2,0.0004698745318780376
D012983,49,SNAI1,0.00046715199437088355
D012983,50,ESR1,0.00046319373101619954
D012983,51,INS,0.0004584775535608085
D012983,52,NOTCH1,0.00045062113091875723
D012983,53,RET,0.000449721641767126
D012983,54,PIK3R1,0.00044509596365288514
D012983,55,POU5F1,0.00044224208251318246
D012983,56,VEGFC,0.00043989335623834103
D012983,57,PROM1,0.00043954199136931964
D012983,58,GSK3B,0.00043924936461190865
D012983,59,KIT,0.0004376140787260549
D012983,60,CDH2,0.0004293846346201399
D012983,61,PDCD1,0.0004267312898128066
D012983,62,NTRK1,0.0004241503742931768
D012983,63,CXCL8,0.00042254435579437634
D012983,64,IL10,0.00042205801150667344
D012983,65,FUS,0.0004218019620667098
D012983,66,MAP2K7,0.0004209049595116642
D012983,67,RHOA,0.0004196768692215
D012983,68,EZH2,0.000418686759679864
D012983,69,JUN,0.00041329062541699735
D012983,70,NGF,0.00040949500343282733
D012983,71,TNFSF11,0.0004081857115042819
D012983,72,HGF,0.0004077594525591903
D012983,73,RAC1,0.00040663399464661545
D012983,74,IL4,0.00040440276057666794
D012983,75,PTPRC,0.0004014140862245053
D012983,76,NANOG,0.000399399497555514
D012983,77,CXCR4,0.00039797368012441407
D012983,78,ITGB1,0.00039661263650066377
D012983,79,CXCL12,0.000395319239161738
D012983,80,CCL2,0.00039523321324598575
D012983,81,ABL1,0.00039518149430140654
D012983,82,JAK2,0.0003924233892198271
D012983,83,PXN,0.0003881803366784055
D012983,84,CDKN1A,0.0003861200800516528
D012983,85,PTK2B,0.0003813677341177899
D012983,86,TWIST1,0.00038127568480902116
D012983,87,PPARG,0.000380055186155093
D012983,88,IL17A,0.00037968430176253866
D012983,89,H3P16,0.00037948529040801344
D012983,90,RUNX2,0.00037841663515659184
D012983,91,CDC42,0.00037483684325574965
D012983,92,KMT2A,0.00037475568419433324
D012983,93,SHH,0.0003736940909052657
D012983,94,LEP,0.00037302814127674363
D012983,95,SMAD3,0.00037265605085932756
D012983,96,SPP1,0.00037018646927818906
D012983,97,RELA,0.00037000072765646145
D012983,98,KDR,0.000367313433359795
D012983,99,BAX,0.0003657121651972078
D012983,100,NFE2L2,0.0003646651357170234
D012509,1,AKT1,0.001312292022892008
D012509,2,TP53,0.0012940208251811685
D012509,3,TGFB1,0.001131837692595331
D012509,4,CTNNB1,0.0011017532005317692
D012509,5,MYC,0.0010600902732871046
D012509,6,MAPK1,0.0009911704670172786
D012509,7,NFKB1,0.0009709110939790289
D012509,8,TNF,0.0009556789681921614
D012509,9,STAT3,0.0008528015677553522
D012509,10,VEGFA,0.0008461851975898526
D012509,11,MTOR,0.000809496830924759
D012509,12,EGFR,0.0008038593698250284
D012509,13,IL6,0.0007795418636457811
D012509,14,HIF1A,0.0007676016453229386
D012509,15,MAPK3,0.00075963127092117
D012509,16,CCND1,0.0006940724425113497
D012509,17,CD4,0.0006780972278228567
D012509,18,CD8A,0.0006739116234840523
D012509,19,IL1B,0.0006648649750946411
D012509,20,BCL2,0.0006635056209243797
D012509,21,MMP9,0.0006633811352507748
D012509,22,IFNG,0.0006614339518272067
D012509,23,PTK2,0.0006602615372286996
D012509,24,FN1,0.0006573191888257141
D012509,25,CDH1,0.0006517807305900625
D012509,26,MAPK8,0.0006440362571490302
D012509,27,MAPK14,0.0006340499138725681
D012509,28,SRC,0.0006285756579849333
D012509,29,CASP3,0.0006271627198859022
D012509,30,FGF2,0.0006182644149683754
D012509,31,ERBB2,0.0006116740044484777
D012509,32,MMP2,0.0006071289842012197
D012509,33,EGF,0.0006003954699175016
D012509,34,PTEN,0.0005996217857449809
D012509,35,YAP1,0.0005970546098100114
D012509,36,SNAI1,0.0005952581016804136
D012509,37,VIM,0.000590002695072372
D012509,38,ESR1,0.0005819230357534192
D012509,39,GSK3B,0.000578079184558159
D012509,40,KRAS,0.0005755640749423801
D012509,41,CD44,0.0005700825339130659
D012509,42,CD34,0.0005644681806011321
D012509,43,IGF1,0.000549940592554863
D012509,44,ALK,0.0005450331822160595
D012509,45,INS,0.0005415527414868581
D012509,46,POU5F1,0.0005378757306670925
D012509,47,BRAF,0.0005375558344496871
D012509,48,SOX2,0.0005271976180052857
D012509,49,PIK3R1,0.0005256708457578143
D012509,50,CDKN1A,0.0005205935185485176
D012509,51,MAP2K7,0.0005190491051179505
D012509,52,HGF,0.0005189955735704738
D012509,53,JUN,0.0005165618441291643
D012509,54,RUNX2,0.0005076613150910988
D012509,55,ABL1,0.0005067854701894594
D012509,56,EZH2,0.0005052161229204639
D012509,57,RAC1,0.0005045784646551169
D012509,58,CD274,0.0005029669806572972
D012509,59,RHOA,0.0005007233447867401
D012509,60,SMAD3,0.0004985419244324562
D012509,61,BAX,0.0004978002728864305
D012509,62,KIT,0.0004902126495009581
D012509,63,MYCN,0.00048766358982653413
D012509,64,NFE2L2,0.0004804713084597467
D012509,65,SPP1,0.00047999257074641237
D012509,66,CDH2,0.00047770391483227754
D012509,67,AGT,0.00047744683998448303
D012509,68,H3P16,0.00047579243576770935
D012509,69,PROM1,0.0004723184042296939
D012509,70,RET,0.0004690994433411411
D012509,71,NOTCH1,0.00046777308380142066
D012509,72,TWIST1,0.0004673599873668993
D012509,73,PPARG,0.00046625982481718564
D012509,74,BMP2,0.0004630442083717681
D012509,75,RELA,0.0004618447715479822
D012509,76,EWSR1,0.00046181136459168184
D012509,77,CXCL8,0.0004594978094975073
D012509,78,RB1,0.000459005690625988
D012509,79,KDR,0.00045666094688781
D012509,80,SHH,0.0004497992136602956
D012509,81,SMAD2,0.0004478832794042118
D012509,82,JAK2,0.0004475086809880359
D012509,83,NANOG,0.00044441866523067114
D012509,84,CCL2,0.0004426035037766191
D012509,85,IL2,0.00044224326312255894
D012509,86,ITGB1,0.000441853752016566
D012509,87,CCN2,0.00044094456098977457
D012509,88,IL10,0.00043605087181317265
D012509,89,ZEB1,0.00043401487040812864
D012509,90,RUNX1,0.000432878648469121
D012509,91,F2,0.0004324568746066927
D012509,92,KMT2A,0.00042748026011564186
D012509,93,CDC42,0.0004262771899850415
D012509,94,FOS,0.00042492823547065224
D012509,95,SNAI2,0.00042474697430505085
D012509,96,BMP1,0.00042310421425227813
D012509,97,CDKN2A,0.00042222783938748693
D012509,98,KITLG,0.0004192599046564895
D012509,99,CXCL12,0.00041738452238234314
D012509,100,IL17A,0.00041556216111947547
D012878,1,TP53,0.0015565791399965309
D012878,2,AKT1,0.0014048442941124264
D012878,3,CTNNB1,0.0012181636475033421
D012878,4,MYC,0.001094045956449924
D012878,5,EGFR,0.0010887799372464398
D012878,6,NFKB1,0.0010017746745297792
D012878,7,TGFB1,0.0009634948132807456
D012878,8,MAPK1,0.0009448953913976733
D012878,9,CD8A,0.0008831355220972164
D012878,10,MTOR,0.00087138614012122
D012878,11,CD4,0.0008654550726236931
D012878,12,TNF,0.0008514125984391679
D012878,13,STAT3,0.000848526746192875
D012878,14,ERBB2,0.0008248346261307963
D012878,15,VEGFA,0.0007897934985463008
D012878,16,IFNG,0.0007578418275092168
D012878,17,HIF1A,0.0007480261084859371
D012878,18,BRAF,0.0007406087044155397
D012878,19,CCND1,0.0007322820838190237
D012878,20,CDH1,0.0007305997841622394
D012878,21,IL6,0.0007286070055602208
D012878,22,BCL2,0.0007131176930316646
D012878,23,KRAS,0.0007105693892903254
D012878,24,PTEN,0.0007019361130241711
D012878,25,EGF,0.0006894814391305009
D012878,26,ALK,0.0006858644341904375
D012878,27,MAPK3,0.000676716129431242
D012878,28,YAP1,0.0006735561561834961
D012878,29,CD274,0.0006705982221869562
D012878,30,MMP9,0.0006576999084846987
D012878,31,CASP3,0.0006549078672115791
D012878,32,MAPK14,0.000616756745739503
D012878,33,ESR1,0.0006095974836819353
D012878,34,MAPK8,0.0006046614117039046
D012878,35,CD44,0.0005966236156460554
D012878,36,VIM,0.0005906206082761112
D012878,37,SRC,0.0005791766967831961
D012878,38,MMP2,0.0005755302661164137
D012878,39,IL1B,0.0005698659915138338
D012878,40,SNAI1,0.0005679524662352123
D012878,41,BAX,0.0005574370228455334
D012878,42,PTK2,0.0005521617798149417
D012878,43,IL17A,0.0005506076469737227
D012878,44,CDKN2A,0.0005474986849082992
D012878,45,NFE2L2,0.0005413471027303524
D012878,46,H3P16,0.0005413289864187707
D012878,47,MAP2K7,0.0005395933453960028
D012878,48,PDCD1,0.0005353789206093446
D012878,49,GSK3B,0.0005348670741765725
D012878,50,AR,0.0005337516575870981
D012878,51,BRCA1,0.0005299456090949969
D012878,52,CDKN1A,0.0005260589151390302
D012878,53,EZH2,0.0005259356090526661
D012878,54,RET,0.0005217085748325465
D012878,55,CDH2,0.0005088944634556347
D012878,56,PROM1,0.0005083657023752585
D012878,57,EREG,0.000506923548753243
D012878,58,SOX2,0.0005056959677249747
D012878,59,JUN,0.00049462162480066
D012878,60,IFNA1,0.0004937607121405796
D012878,61,CXCL8,0.0004928178799872566
D012878,62,IL2,0.0004909125320811818
D012878,63,RELA,0.0004896202629530634
D012878,64,RB1,0.0004884427430821843
D012878,65,TENM1,0.00048563704721294224
D012878,66,NOTCH1,0.0004825642413763219
D012878,67,POU5F1,0.0004810474465719575
D012878,68,FN1,0.0004772334156741879
D012878,69,PIK3R1,0.00046495519112469715
D012878,70,TWIST1,0.00046304127123356314
D012878,71,IL10,0.0004590303308701671
D012878,72,MYCN,0.0004555612450940248
D012878,73,NF1,0.00044863351607788235
D012878,74,IGF1,0.00044539288926810866
D012878,75,PARP1,0.00044344547363206607
D012878,76,FOXM1,0.000442990147078089
D012878,77,RHOA,0.00043945198865659566
D012878,78,CDK4,0.0004393786584197377
D012878,79,FGF2,0.00043631955120768036
D012878,80,ABL1,0.0004352581814399584
D012878,81,E2F1,0.000431743509635655
D012878,82,INS,0.00043172138225484695
D012878,83,RAC1,0.0004287408590111003
D012878,84,CD34,0.00042520529839789884
D012878,85,MDM2,0.00042394145784854277
D012878,86,JAK2,0.00042114347725828505
D012878,87,PCNA,0.0004197224044664368
D012878,88,TNFSF10,0.00041957037518286397
D012878,89,SHH,0.00041936379147783896
D012878,90,CDK2,0.0004191979129638542
D012878,91,ZEB1,0.000417656474610095
D012878,92,ATM,0.00041682129308082
D012878,93,NANOG,0.00041414478751715275
D012878,94,KIT,0.00041132816262457746
D012878,95,PTGS2,0.0004105844526918091
D012878,96,SNAI2,0.0004082804400659077
D012878,97,CDK1,0.0004078250740912958
D012878,98,HGF,0.00040777251173626874
D012878,99,PTK2B,0.00040584767878157053
D012878,100,IGF1R,0.00040348547323055764
D013736,1,TP53,0.0012857539892520207
D013736,2,AKT1,0.0012266093706868669
D013736,3,CTNNB1,0.0010103174546468843
D013736,4,MYC,0.0008931272570354143
D013736,5,NFKB1,0.0007910608848815221
D013736,6,AR,0.000782230837981198
D013736,7,EGFR,0.0007798651933987425
D013736,8,MAPK1,0.0007759582211815676
D013736,9,CD8A,0.0007717421897010908
D013736,10,TGFB1,0.0007684535515430547
D013736,11,MTOR,0.0007368626229149536
D013736,12,CD4,0.0007270768521540495
D013736,13,STAT3,0.0007101590865189768
D013736,14,CDH1,0.0006608872593743233
D013736,15,VEGFA,0.0006575421590373647
D013736,16,BCL2,0.0006549196419134063
D013736,17,TNF,0.0006513990877937124
D013736,18,PTEN,0.0006512061808615234
D013736,19,ERBB2,0.0006338707099644013
D013736,20,HIF1A,0.0006249943767946229
D013736,21,ESR1,0.0006209630199194877
D013736,22,CD274,0.0006063237061292867
D013736,23,CCND1,0.0006019813948524628
D013736,24,IFNG,0.0005949713608306011
D013736,25,KRAS,0.0005920079882968404
D013736,26,IL6,0.000585483666203393
D013736,27,CASP3,0.0005700110453295891
D013736,28,MMP9,0.0005545805559292779
D013736,29,EZH2,0.0005455113822190528
D013736,30,MAPK3,0.0005445552341981204
D013736,31,VIM,0.0005424162104142659
D013736,32,BRAF,0.0005386071931413315
D013736,33,BAX,0.0005350287148473023
D013736,34,MMP2,0.000530539258676284
D013736,35,POU5F1,0.0005114024651551722
D013736,36,ALK,0.000511251771473357
D013736,37,SNAI1,0.0004964796317314307
D013736,38,MAPK14,0.000495063899955917
D013736,39,PROM1,0.0004928757094751385
D013736,40,SOX2,0.0004925456804640153
D013736,41,BRCA1,0.0004912039535068285
D013736,42,RET,0.00048826083097967745
D013736,43,MAPK8,0.00048812123191361515
D013736,44,YAP1,0.0004808728511364181
D013736,45,PDCD1,0.0004801288075212732
D013736,46,CD44,0.00047945203572925804
D013736,47,CDH2,0.00046685164211077764
D013736,48,EGF,0.00046328388325848885
D013736,49,GSK3B,0.0004628577343060314
D013736,50,KMT2A,0.0004462128051829152
D013736,51,H3P16,0.0004387776486569355
D013736,52,RB1,0.0004376661955252174
D013736,53,PTK2,0.0004375290412583014
D013736,54,CDKN1A,0.0004343006155884794
D013736,55,INS,0.0004328375222180089
D013736,56,PARP1,0.0004306069165656277
D013736,57,IDH1,0.00042880754332955703
D013736,58,SRC,0.00042667343209044564
D013736,59,EREG,0.00042178086545574485
D013736,60,NOTCH1,0.00041914806271260507
D013736,61,MAP2K7,0.0004171670035639371
D013736,62,ATM,0.00041389657885105256
D013736,63,GNRH1,0.0004135301549045351
D013736,64,NANOG,0.00041278984160813035
D013736,65,CDKN2A,0.0004086556477273998
D013736,66,MYCN,0.00040669737350463133
D013736,67,TENM1,0.00040611220262175437
D013736,68,TWIST1,0.00040092401492783196
D013736,69,CD34,0.00040012843675935506
D013736,70,MIR21,0.00039945325689090766
D013736,71,IGF1,0.00039901448817161386
D013736,72,JUN,0.0003989328851269907
D013736,73,IL1B,0.00039766279250234734
D013736,74,IL10,0.00039739726246321914
D013736,75,ZEB1,0.00039219292496285504
D013736,76,RUNX1,0.00038938897275921287
D013736,77,PIK3R1,0.0003884289898427032
D013736,78,RELA,0.0003865151918143852
D013736,79,NF1,0.00038446746986722666
D013736,80,NFE2L2,0.0003824282180449194
D013736,81,MDM2,0.0003799130035521572
D013736,82,FOXM1,0.00037685404937620184
D013736,83,E2F1,0.00037392048325570203
D013736,84,AFP,0.00037270637493001747
D013736,85,IL2,0.00037197056166263947
D013736,86,RHOA,0.0003719250532412959
D013736,87,ABL1,0.0003702175544018537
D013736,88,RAC1,0.0003695431983387931
D013736,89,CDK4,0.0003690037755283875
D013736,90,EWSR1,0.0003669642321656027
D013736,91,CDK2,0.00036188317932694795
D013736,92,KIT,0.00036102453031297733
D013736,93,VHL,0.000358558631922714
D013736,94,FGF2,0.00035826099195472534
D013736,95,SNAI2,0.0003581183261814255
D013736,96,CXCL8,0.00035727053024402124
D013736,97,CYP19A1,0.0003562384280815788
D013736,98,PGR,0.0003546956254934123
D013736,99,CASP9,0.0003532983257009292
D013736,100,WT1,0.00035319275658820615
D009373,1,AKT1,0.0010654927317246608
D009373,2,TP53,0.0009607339555202156
D009373,3,CTNNB1,0.000878216119358129
D009373,4,MYC,0.0008301491764321529
D009373,5,TGFB1,0.0008001340048345876
D009373,6,MAPK1,0.0007424875043971315
D009373,7,EGFR,0.000720293063069043
D009373,8,NFKB1,0.0007133349653809695
D009373,9,TNF,0.0006988689961814995
D009373,10,MTOR,0.0006313944350380911
D009373,11,VEGFA,0.0006228227573952362
D009373,12,CD4,0.0006203503097636538
D009373,13,STAT3,0.0006169586924829626
D009373,14,HIF1A,0.0005972561481367058
D009373,15,CD8A,0.0005957629021440333
D009373,16,BCL2,0.0005789942177196096
D009373,17,IL6,0.000575146204869277
D009373,18,POU5F1,0.0005711533487008922
D009373,19,CCND1,0.0005580908765711188
D009373,20,CDH1,0.0005580068898949324
D009373,21,IFNG,0.0005538355895243946
D009373,22,MAPK3,0.0005532883740992838
D009373,23,ERBB2,0.0005385143559846963
D009373,24,CD34,0.0005189975929644543
D009373,25,ESR1,0.000511727849964786
D009373,26,EGF,0.0005077329754296198
D009373,27,CASP3,0.0005005906297313926
D009373,28,SOX2,0.0004957779160233388
D009373,29,EZH2,0.0004935019407205113
D009373,30,MMP9,0.0004692381401390144
D009373,31,NANOG,0.0004629141824025304
D009373,32,VIM,0.00046186183698376055
D009373,33,PTEN,0.0004565484619172624
D009373,34,MAPK14,0.00045086629657573594
D009373,35,MAPK8,0.00044867042575848134
D009373,36,INS,0.0004397294136056268
D009373,37,FGF2,0.0004390274353686374
D009373,38,GSK3B,0.00043863270700760605
D009373,39,MYCN,0.0004357191338846614
D009373,40,YAP1,0.0004345681667473108
D009373,41,IL1B,0.0004310419101757923
D009373,42,KRAS,0.0004309646596919423
D009373,43,CD44,0.0004307982970620133
D009373,44,PROM1,0.00042322681654919834
D009373,45,MMP2,0.00041978834324945863
D009373,46,CD274,0.00041671915244724
D009373,47,NGF,0.00041414790838023216
D009373,48,CDKN1A,0.00041368069720608956
D009373,49,CDH2,0.0004119778564569745
D009373,50,SRC,0.0004094821812846525
D009373,51,PTK2,0.0004091114326062765
D009373,52,NOTCH1,0.00040835242529876724
D009373,53,BRAF,0.00040369835055401715
D009373,54,BAX,0.0004012004769045018
D009373,55,KIT,0.000401127630382924
D009373,56,SNAI1,0.0003975373943093358
D009373,57,IGF1,0.00039616379842531864
D009373,58,AR,0.00039512368266112814
D009373,59,ABL1,0.00039238740443536655
D009373,60,FN1,0.0003887563425547624
D009373,61,IL2,0.0003887342407225799
D009373,62,BRCA1,0.0003875326526627141
D009373,63,PIK3R1,0.0003829440188141634
D009373,64,RHOA,0.00037985722388251164
D009373,65,RB1,0.00037753441346326683
D009373,66,WT1,0.00037681672672093395
D009373,67,JUN,0.00037678637310444664
D009373,68,KDR,0.0003741871480243851
D009373,69,IL10,0.0003731136841912092
D009373,70,SHH,0.0003722315025438784
D009373,71,H3P16,0.000364313926508361
D009373,72,HGF,0.00036422267885038724
D009373,73,PCNA,0.0003641501724703911
D009373,74,RET,0.0003622108170879772
D009373,75,BMP4,0.00035831957850744503
D009373,76,TRNG,0.0003569976131616849
D009373,77,RAC1,0.0003569685062366943
D009373,78,MAP2K7,0.00035675356910897313
D009373,79,TWIST1,0.00035469629194173136
D009373,80,EPO,0.0003493181121075979
D009373,81,SOX9,0.0003492667657795457
D009373,82,EWSR1,0.00034884812531834806
D009373,83,EREG,0.00034599815409300466
D009373,84,CSF2,0.00034420637034606984
D009373,85,AFP,0.00034224754548143477
D009373,86,IFNA1,0.00034219682732077836
D009373,87,PTPRC,0.00033992182111887865
D009373,88,JAK2,0.00033904263257939545
D009373,89,NFE2L2,0.00033799528223469656
D009373,90,PDCD1,0.0003353817891399919
D009373,91,ZEB1,0.00033353723278811367
D009373,92,CDKN2A,0.00033338897083713356
D009373,93,KMT2A,0.00033233409090069186
D009373,94,GNRH1,0.0003316610680696024
D009373,95,RUNX1,0.0003264118396914228
D009373,96,SMAD3,0.0003261263538643055
D009373,97,GFAP,0.00032587678211730127
D009373,98,CXCL8,0.00032484496116516365
D009373,99,ALK,0.0003235262921246129
D009373,100,IL17A,0.0003230465363606374
D016889,1,AKT1,0.0013995778477037014
D016889,2,TP53,0.0013909658590494317
D016889,3,ESR1,0.0011442963919357026
D016889,4,CTNNB1,0.001143337732005364
D016889,5,EGFR,0.0011201966022208322
D016889,6,TGFB1,0.001116602172324759
D016889,7,MYC,0.0010691850506877648
D016889,8,ERBB2,0.000987291012061831
D016889,9,NFKB1,0.0009854496878552858
D016889,10,MAPK1,0.0009437505371272746
D016889,11,CDH1,0.0009320392424629025
D016889,12,VEGFA,0.0008273770298136709
D016889,13,MTOR,0.0008235562097354062
D016889,14,STAT3,0.0008145881003065005
D016889,15,TNF,0.0008057288735647436
D016889,16,CCND1,0.0007920864353528179
D016889,17,EGF,0.0007717450478147969
D016889,18,VIM,0.0007585937832520534
D016889,19,CD8A,0.0007530167928142384
D016889,20,HIF1A,0.0007327639008444891
D016889,21,MMP9,0.0007319281305125815
D016889,22,SNAI1,0.0007293215193715043
D016889,23,CD4,0.0007275197756443975
D016889,24,KRAS,0.000715033223745137
D016889,25,IL6,0.0007010552489924984
D016889,26,BCL2,0.0007010243659830598
D016889,27,EREG,0.0006981431305041396
D016889,28,PTEN,0.0006944026959782682
D016889,29,MMP2,0.0006927882814769085
D016889,30,PGR,0.0006859922871968678
D016889,31,MAPK3,0.0006801408745865316
D016889,32,CD274,0.0006612282471400886
D016889,33,CD44,0.0006525095289999018
D016889,34,AR,0.000642797500962741
D016889,35,EZH2,0.0006405725363486526
D016889,36,IFNG,0.0006388960799768583
D016889,37,CDH2,0.0006217206629292653
D016889,38,CASP3,0.0006112006893339933
D016889,39,YAP1,0.0006109394024659808
D016889,40,BRAF,0.0006059174802057339
D016889,41,SOX2,0.0006000307689575487
D016889,42,ALK,0.0005984149590843625
D016889,43,MAPK8,0.0005886103791098964
D016889,44,BRCA1,0.0005845077195796343
D016889,45,POU5F1,0.0005811267682312601
D016889,46,IL1B,0.0005746944273152255
D016889,47,TENM1,0.0005707794315589109
D016889,48,GSK3B,0.0005699888247374769
D016889,49,MAPK14,0.0005690286797889424
D016889,50,ESR2,0.0005671208549622714
D016889,51,TWIST1,0.0005619956506326348
D016889,52,PROM1,0.0005595545913403647
D016889,53,PTK2,0.0005534634858284312
D016889,54,ZEB1,0.0005524137386208741
D016889,55,BAX,0.0005519484030317929
D016889,56,CXCL8,0.0005407187617503488
D016889,57,SRC,0.0005355757198022459
D016889,58,FN1,0.0005272971781827363
D016889,59,MAP2K7,0.0005237575016488219
D016889,60,AFP,0.0005214279528875018
D016889,61,NANOG,0.0005198638900112484
D016889,62,RELA,0.0005169783602537388
D016889,63,CDKN2A,0.0005138300837440264
D016889,64,RB1,0.0005137242174482171
D016889,65,RHOA,0.0005099687907305848
D016889,66,CDKN1A,0.0005059394688653973
D016889,67,H3P16,0.0005003535594050286
D016889,68,PTGS2,0.0004974639870859322
D016889,69,SNAI2,0.0004952453394492153
D016889,70,FOXM1,0.000491955006214888
D016889,71,JUN,0.000488491561411856
D016889,72,NOTCH1,0.0004859554467995115
D016889,73,MUC1,0.0004767723140902902
D016889,74,PCNA,0.0004751489347554732
D016889,75,SMAD3,0.0004727349208453795
D016889,76,PIK3R1,0.0004642075194904895
D016889,77,IGF1,0.0004621521482162563
D016889,78,RET,0.0004599047110083926
D016889,79,INS,0.0004593251566062872
D016889,80,E2F1,0.00045362493698379016
D016889,81,FGF2,0.0004489131636018259
D016889,82,ITGB1,0.0004464084389706605
D016889,83,PDCD1,0.0004450515931620579
D016889,84,RAC1,0.0004400388188615219
D016889,85,SMAD2,0.000435267106353113
D016889,86,PARP1,0.00043509699291309164
D016889,87,DCTN6,0.0004275420098721484
D016889,88,SHH,0.00042529297699944236
D016889,89,MYCN,0.00042469572550147736
D016889,90,CXCR4,0.0004246501991789
D016889,91,COX2,0.0004239455302458687
D016889,92,NFE2L2,0.0004238510881418719
D016889,93,HGF,0.0004233389753827351
D016889,94,CDK2,0.00042240467778554213
D016889,95,IDH1,0.0004168094360234232
D016889,96,CDK4,0.00041607333917900637
D016889,97,MIR21,0.0004152598058204713
D016889,98,JAK2,0.00041004496461676096
D016889,99,CDKN1B,0.0004094484485593162
D016889,100,DNMT1,0.0004044177657178293
D014594,1,TP53,0.0015213956986299248
D014594,2,AKT1,0.001409593026617228
D014594,3,CTNNB1,0.0011203299337706521
D014594,4,ESR1,0.0010758184698760936
D014594,5,EGFR,0.0010693170713279127
D014594,6,MYC,0.001033837495886786
D014594,7,ERBB2,0.0009902997123986494
D014594,8,TGFB1,0.0009463200109067948
D014594,9,NFKB1,0.0009149571774873529
D014594,10,MAPK1,0.0009049172172097946
D014594,11,CDH1,0.0008370405822739374
D014594,12,STAT3,0.000835676549635525
D014594,13,VEGFA,0.0008310354588700793
D014594,14,HIF1A,0.0008199187218907113
D014594,15,MTOR,0.0008190973921637996
D014594,16,CD8A,0.0008024673807367973
D014594,17,CCND1,0.0007853605354174661
D014594,18,TNF,0.0007800819757958449
D014594,19,BCL2,0.000738059304499921
D014594,20,IL6,0.0007247714997072195
D014594,21,MMP9,0.0007236934407181338
D014594,22,PTEN,0.0007213321986110611
D014594,23,VIM,0.0006967296501498131
D014594,24,KRAS,0.0006934756081436135
D014594,25,PGR,0.0006907632430319082
D014594,26,CD4,0.000687200963865773
D014594,27,SNAI1,0.000672181090056577
D014594,28,YAP1,0.000666161329691433
D014594,29,EREG,0.0006658261739483278
D014594,30,MMP2,0.0006637606650272026
D014594,31,CASP3,0.0006628232354467588
D014594,32,EGF,0.0006608972454335043
D014594,33,BRCA1,0.0006568492987781337
D014594,34,CD274,0.0006473116088549677
D014594,35,MAPK3,0.0006466692634922541
D014594,36,CD44,0.0006080774500934806
D014594,37,EZH2,0.0006030358722604821
D014594,38,ALK,0.0006026222008188312
D014594,39,IFNG,0.0005977443991897185
D014594,40,BRAF,0.0005948952075728974
D014594,41,AR,0.0005832027430349261
D014594,42,BAX,0.0005826370291099307
D014594,43,MAPK8,0.0005818093314932316
D014594,44,CDH2,0.0005670457666022085
D014594,45,H3P16,0.0005645404929321908
D014594,46,MAPK14,0.0005597385210144591
D014594,47,PTK2,0.0005556973539843547
D014594,48,RB1,0.0005546673115921464
D014594,49,TENM1,0.0005543399657223514
D014594,50,SRC,0.0005425168291982052
D014594,51,IL1B,0.0005367716383754791
D014594,52,GSK3B,0.00053553502011714
D014594,53,SOX2,0.0005288822657229243
D014594,54,CDKN2A,0.0005207795458358639
D014594,55,ZEB1,0.0005198720436797205
D014594,56,RELA,0.000516874696631611
D014594,57,CDKN1A,0.0005163967066338581
D014594,58,FOXM1,0.0005159029087310949
D014594,59,MAP2K7,0.0005127054839600432
D014594,60,ESR2,0.0005095853836711224
D014594,61,TWIST1,0.0005078207702066308
D014594,62,POU5F1,0.0005049067226190355
D014594,63,AFP,0.0004980780963327414
D014594,64,CXCL8,0.0004975034999589079
D014594,65,PARP1,0.0004958698755263886
D014594,66,NOTCH1,0.0004864079625673131
D014594,67,NFE2L2,0.00047878839016202266
D014594,68,JUN,0.0004782164334441672
D014594,69,E2F1,0.00047791138704024927
D014594,70,CDK4,0.0004703786931760577
D014594,71,PCNA,0.0004696263523245852
D014594,72,PTGS2,0.00046727356263932417
D014594,73,INS,0.0004669429559893177
D014594,74,PDCD1,0.00046506099380016965
D014594,75,IGF1,0.00046430124338455044
D014594,76,RHOA,0.0004615196017630071
D014594,77,FN1,0.00045987384718595634
D014594,78,MDM2,0.00045836476020889513
D014594,79,RET,0.0004568474676884481
D014594,80,SNAI2,0.00045392482583433264
D014594,81,PIK3R1,0.0004530569191401059
D014594,82,CDK1,0.00045216455282420505
D014594,83,CDKN1B,0.0004517201925385837
D014594,84,CDK2,0.0004484000529249309
D014594,85,DCTN6,0.00044611490979690833
D014594,86,MIR21,0.0004416862522036299
D014594,87,PROM1,0.0004411011356081321
D014594,88,LEP,0.0004332458491293715
D014594,89,SMAD3,0.0004331846433396699
D014594,90,NANOG,0.00042276968852192917
D014594,91,RAC1,0.0004143516877459471
D014594,92,FGF2,0.00041247111275993613
D014594,93,IDH1,0.0004117961540075914
D014594,94,EWSR1,0.00041156679278397186
D014594,95,JAK2,0.00040972767382131323
D014594,96,CDK6,0.00040751717192355453
D014594,97,CREB1,0.0004067125816187135
D014594,98,CCNB1,0.0004061077889357577
D014594,99,COX2,0.0004060694842546468
D014594,100,EPAS1,0.00040412054686244357
D002296,1,AKT1,0.0013529897036685242
D002296,2,TP53,0.0012698140327763803
D002296,3,CTNNB1,0.001193609725053111
D002296,4,TGFB1,0.0009944367616424804
D002296,5,MYC,0.0009924741331679
D002296,6,NFKB1,0.000909187273457843
D002296,7,EGFR,0.000908044758662107
D002296,8,MAPK1,0.0009020156924714296
D002296,9,ERBB2,0.0008733954404945502
D002296,10,CDH1,0.0008531578138431549
D002296,11,HIF1A,0.0008220303078602985
D002296,12,MTOR,0.0008120172445531164
D002296,13,STAT3,0.0007960024633605729
D002296,14,CD8A,0.0007889072923863057
D002296,15,VEGFA,0.0007777495618510939
D002296,16,ESR1,0.0007746089964646655
D002296,17,TNF,0.0007505364085914202
D002296,18,IL6,0.0006951500939614579
D002296,19,ALK,0.000683089834268994
D002296,20,CCND1,0.000683013726900272
D002296,21,MMP9,0.0006828571585135964
D002296,22,CD4,0.0006806850570749365
D002296,23,VIM,0.0006806094212861736
D002296,24,SNAI1,0.0006779613309279535
D002296,25,BCL2,0.000663595514579572
D002296,26,CD44,0.0006467092696243806
D002296,27,PTEN,0.0006457135828157622
D002296,28,MAPK3,0.0006361668365827558
D002296,29,BRAF,0.0006313263103698384
D002296,30,MMP2,0.0006221873848818931
D002296,31,KRAS,0.0006218278501584441
D002296,32,IFNG,0.0006191588686720587
D002296,33,CASP3,0.0006188834572489019
D002296,34,PROM1,0.0006151318592372473
D002296,35,EGF,0.0006105469217322103
D002296,36,CD274,0.0006020778875112658
D002296,37,SRC,0.000590818319397774
D002296,38,CDH2,0.0005775729446826807
D002296,39,FN1,0.0005718054325329194
D002296,40,PTK2,0.000567556052731299
D002296,41,MAPK14,0.0005654811550302554
D002296,42,YAP1,0.0005643990013061686
D002296,43,EZH2,0.0005619549149962819
D002296,44,MAPK8,0.000553538437377353
D002296,45,EREG,0.0005496745703816728
D002296,46,SOX2,0.0005428182716688396
D002296,47,GSK3B,0.0005284206409408853
D002296,48,RET,0.0005238281369872046
D002296,49,AR,0.000521471517546015
D002296,50,ZEB1,0.0005131094163755883
D002296,51,TWIST1,0.0005102901300765807
D002296,52,MAP2K7,0.0005080810905964863
D002296,53,AFP,0.0004953456578997925
D002296,54,BAX,0.0004950394642645933
D002296,55,POU5F1,0.0004884152223708702
D002296,56,TENM1,0.0004878603327724406
D002296,57,RHOA,0.0004784457612831232
D002296,58,CDKN1A,0.00047708983200640457
D002296,59,EWSR1,0.0004768620146686405
D002296,60,CDKN2A,0.0004768527522254015
D002296,61,JUN,0.00047533702753666137
D002296,62,IL1B,0.00047442128066277426
D002296,63,SNAI2,0.00047105954370214203
D002296,64,H3P16,0.00046837378992875897
D002296,65,MYCN,0.0004649218214074084
D002296,66,RAC1,0.00046415852378960825
D002296,67,IGF1,0.00046312777651515526
D002296,68,PDCD1,0.00045858947982582254
D002296,69,RB1,0.0004570166858614599
D002296,70,NOTCH1,0.00045509503656201614
D002296,71,PGR,0.00045397137545234636
D002296,72,INS,0.0004535095835221767
D002296,73,ABL1,0.0004505130495936457
D002296,74,KIT,0.00045046285486629174
D002296,75,PIK3R1,0.0004488897155087455
D002296,76,BRCA1,0.0004465242159531973
D002296,77,CD34,0.0004458091338080752
D002296,78,NANOG,0.0004435954434970466
D002296,79,SMAD3,0.00044138908264386006
D002296,80,RELA,0.000440650257740496
D002296,81,KMT2A,0.0004394371362375523
D002296,82,ITGB1,0.0004376624127651738
D002296,83,CXCL8,0.0004341108505127486
D002296,84,FGF2,0.00043259171018836983
D002296,85,HGF,0.0004315678287943217
D002296,86,FOXM1,0.00042748245514042825
D002296,87,JAK2,0.00042518738764641035
D002296,88,CDK4,0.0004219059663939604
D002296,89,MET,0.0004185273054402655
D002296,90,CXCR4,0.00041758249648748746
D002296,91,SPP1,0.00041054078689588573
D002296,92,MIR21,0.0004080581689120518
D002296,93,PCNA,0.0004074540705363103
D002296,94,RUNX2,0.0004061703592557476
D002296,95,NTRK1,0.00040519226059502626
D002296,96,SLTM,0.0004019270364031449
D002296,97,CDC42,0.00040092204327142145
D002296,98,PTGS2,0.00039759359350004757
D002296,99,CXCL12,0.0003911844973235276
D002296,100,SMAD2,0.00039009101200998374
D000098943,1,AKT1,0.0011505766113445105
D000098943,2,TP53,0.001016712822775919
D000098943,3,TGFB1,0.0009620282019005199
D000098943,4,CTNNB1,0.0009481142706237504
D000098943,5,MYC,0.0008712205017496695
D000098943,6,MAPK1,0.0008638883988947832
D000098943,7,VEGFA,0.0008112270890664587
D000098943,8,BRAF,0.0008083104985189308
D000098943,9,NFKB1,0.0007972023006244286
D000098943,10,CD8A,0.0007828973463513217
D000098943,11,TNF,0.0007828465223058379
D000098943,12,CD4,0.0007792342240939408
D000098943,13,EGFR,0.0007665994942049572
D000098943,14,IFNG,0.0007544980978562056
D000098943,15,STAT3,0.0007250599789485015
D000098943,16,HIF1A,0.0006860920076169231
D000098943,17,CDH1,0.0006688389710892807
D000098943,18,MTOR,0.0006680446426608822
D000098943,19,IL6,0.0006363446637036325
D000098943,20,MMP9,0.0006265926295549326
D000098943,21,VIM,0.0005957369159407066
D000098943,22,MAPK3,0.0005946656477808994
D000098943,23,BCL2,0.0005842057593247406
D000098943,24,CCND1,0.0005830424839993501
D000098943,25,CD44,0.0005652532256168986
D000098943,26,KRAS,0.0005635241547783369
D000098943,27,MAP2K7,0.0005565158369811748
D000098943,28,IL1B,0.0005537721693770365
D000098943,29,YAP1,0.0005496006422350466
D000098943,30,MMP2,0.0005463738602765585
D000098943,31,MAPK8,0.0005374231866913143
D000098943,32,SNAI1,0.0005228219961887118
D000098943,33,CD274,0.0005197452832437824
D000098943,34,CASP3,0.0005192871798183124
D000098943,35,PTK2,0.0005178180865809473
D000098943,36,SHH,0.0005174277541263491
D000098943,37,PTEN,0.0005108524711880172
D000098943,38,MAPK14,0.0005050386527769096
D000098943,39,EGF,0.0005042444536507403
D000098943,40,EZH2,0.0004954272303928392
D000098943,41,FOXM1,0.0004874111416473656
D000098943,42,IL17A,0.00048670130319147223
D000098943,43,MITF,0.00047792035566621025
D000098943,44,RET,0.00047383360756765667
D000098943,45,CDH2,0.0004696724003689421
D000098943,46,RAC1,0.000467606737774884
D000098943,47,ERBB2,0.00046541223074197664
D000098943,48,IFNA1,0.0004648575113200678
D000098943,49,GSK3B,0.0004633164510747198
D000098943,50,BAX,0.00045210345099740455
D000098943,51,RHOA,0.00044902939840818344
D000098943,52,SOX2,0.0004478679398779478
D000098943,53,HGF,0.00044567118760369134
D000098943,54,FN1,0.00044531851472173956
D000098943,55,JUN,0.0004422011142587517
D000098943,56,PROM1,0.0004386498870271155
D000098943,57,ZEB1,0.00043623505082921533
D000098943,58,IL2,0.00043289044007463863
D000098943,59,H3P16,0.00043049245555192185
D000098943,60,CDKN2A,0.0004299353837408086
D000098943,61,NFE2L2,0.00042906755424457985
D000098943,62,SRC,0.0004289768867897867
D000098943,63,POU5F1,0.0004273367956571342
D000098943,64,RB1,0.0004266483531156667
D000098943,65,MYCN,0.00042620534943975873
D000098943,66,CD34,0.00042553384770320805
D000098943,67,IL10,0.00041984382896957797
D000098943,68,ESR1,0.00041704321499532094
D000098943,69,AFP,0.00041485440410721073
D000098943,70,CXCL8,0.0004139520731614955
D000098943,71,KDR,0.00041151907792390507
D000098943,72,ALK,0.00041107492476202736
D000098943,73,TYR,0.00041105518429465827
D000098943,74,SNAI2,0.00040964398857070073
D000098943,75,FGF2,0.000409330367101879
D000098943,76,PDCD1,0.00040768544952082445
D000098943,77,TWIST1,0.00040753533312369036
D000098943,78,NOTCH1,0.0003992241473295282
D000098943,79,PIK3R1,0.0003978174066080034
D000098943,80,CDC42,0.00039493379347934054
D000098943,81,RAF1,0.00039207534568800446
D000098943,82,CDKN1A,0.00039066055711037994
D000098943,83,IGF1,0.0003901953221292719
D000098943,84,INS,0.0003895624041258208
D000098943,85,KIT,0.0003861833464099947
D000098943,86,SLTM,0.0003858930299773876
D000098943,87,RELA,0.0003841061639420687
D000098943,88,JAK2,0.00038048538711587756
D000098943,89,PLK1,0.00038044614069036224
D000098943,90,IL4,0.00037725154891894366
D000098943,91,BMP1,0.0003754984440623094
D000098943,92,VEGFC,0.00037117288441379395
D000098943,93,BMP4,0.00037003392454171215
D000098943,94,NF1,0.0003688675869117882
D000098943,95,MET,0.00036429087417418445
D000098943,96,GLI1,0.0003635881890449958
D000098943,97,POMC,0.00036332744006994027
D000098943,98,CREB1,0.00036145276487511556
D000098943,99,ZHX2,0.00035973691919225046
D000098943,100,TRBV20OR9-2,0.0003577853723768462
